,BSS_id,EV_id,arr_T,oper_T,wait_T,spots_id,dep_T,charger_id,start_T,finish_T,load_ratio
0,1.0,1,6:21,5.0,0,1,6:26,0.0,6:26,7:11,
1,1.0,2,6:26,5.0,0,1,6:31,1.0,6:31,7:16,
2,1.0,3,7:01,5.0,0,1,7:06,2.0,7:06,7:51,
3,1.0,4,7:07,5.0,0,1,7:12,3.0,7:12,7:57,
4,1.0,5,7:23,5.0,0,1,7:28,4.0,7:28,8:13,
5,1.0,6,7:28,5.0,0,1,7:33,5.0,7:33,8:18,
6,1.0,7,7:30,5.0,3,1,7:38,6.0,7:38,8:23,
7,1.0,8,8:12,5.0,0,1,8:17,7.0,8:17,9:02,
8,1.0,9,8:13,5.0,4,1,8:22,0.0,8:22,9:07,
9,1.0,10,8:22,5.0,0,1,8:27,1.0,8:27,9:12,
10,1.0,11,8:25,5.0,2,1,8:32,2.0,8:32,9:17,
11,1.0,12,8:39,5.0,0,1,8:44,3.0,8:44,9:29,
12,1.0,13,8:49,5.0,0,1,8:54,4.0,8:54,9:39,
13,1.0,14,8:59,5.0,0,1,9:04,5.0,9:04,9:49,
14,1.0,15,9:03,5.0,1,1,9:09,6.0,9:09,9:54,
15,1.0,16,9:11,5.0,0,1,9:16,7.0,9:16,10:01,
16,1.0,17,9:13,5.0,3,1,9:21,0.0,9:21,10:06,
17,1.0,18,9:14,5.0,7,1,9:26,1.0,9:26,10:11,
18,1.0,19,9:33,5.0,0,1,9:38,2.0,9:38,10:23,
19,1.0,20,9:48,5.0,0,1,9:53,3.0,9:53,10:38,
20,1.0,21,10:12,5.0,0,1,10:17,4.0,10:17,11:02,
21,1.0,22,10:18,5.0,0,1,10:23,5.0,10:23,11:08,
22,1.0,23,10:24,5.0,0,1,10:29,6.0,10:29,11:14,
23,1.0,24,10:33,5.0,0,1,10:38,7.0,10:38,11:23,
24,1.0,25,10:58,5.0,0,1,11:03,0.0,11:03,11:48,
25,1.0,26,11:00,5.0,3,1,11:08,1.0,11:08,11:53,
26,1.0,27,11:04,5.0,4,1,11:13,2.0,11:13,11:58,
27,1.0,28,11:06,5.0,7,1,11:18,3.0,11:18,12:03,
28,1.0,29,11:09,5.0,9,1,11:23,4.0,11:23,12:08,
29,1.0,30,11:17,5.0,6,1,11:28,5.0,11:28,12:13,
30,1.0,31,11:29,5.0,0,1,11:34,6.0,11:34,12:19,
31,1.0,32,11:39,5.0,0,1,11:44,7.0,11:44,12:29,
32,1.0,33,11:41,5.0,7,1,11:53,0.0,11:53,12:38,
33,1.0,34,11:54,5.0,0,1,11:59,1.0,11:59,12:44,
34,1.0,35,11:57,5.0,2,1,12:04,2.0,12:04,12:49,
35,1.0,36,12:09,5.0,0,1,12:14,3.0,12:14,12:59,
36,1.0,37,12:14,5.0,0,1,12:19,4.0,12:19,13:04,
37,1.0,38,12:15,5.0,4,1,12:24,5.0,12:24,13:09,
38,1.0,39,12:25,5.0,0,1,12:30,6.0,12:30,13:15,
39,1.0,40,12:45,5.0,0,1,12:50,7.0,12:50,13:35,
40,1.0,41,12:58,5.0,0,1,13:03,0.0,13:03,13:48,
41,1.0,42,13:41,5.0,0,1,13:46,1.0,13:46,14:31,
42,1.0,43,13:58,5.0,0,1,14:03,2.0,14:03,14:48,
43,1.0,44,14:32,5.0,0,1,14:37,3.0,14:37,15:22,
44,1.0,45,14:39,5.0,0,1,14:44,4.0,14:44,15:29,
45,1.0,46,14:44,5.0,0,1,14:49,5.0,14:49,15:34,
46,1.0,47,15:53,5.0,0,1,15:58,6.0,15:58,16:43,
47,1.0,48,16:19,5.0,0,1,16:24,7.0,16:24,17:09,
48,1.0,49,16:44,5.0,0,1,16:49,0.0,16:49,17:34,
49,1.0,50,16:48,5.0,1,1,16:54,1.0,16:54,17:39,
50,1.0,51,16:53,5.0,1,1,16:59,2.0,16:59,17:44,
51,1.0,52,17:01,5.0,0,1,17:06,3.0,17:06,17:51,
52,1.0,53,17:17,5.0,0,1,17:22,4.0,17:22,18:07,
53,1.0,54,17:23,5.0,0,1,17:28,5.0,17:28,18:13,
54,1.0,55,17:27,5.0,1,1,17:33,6.0,17:33,18:18,
55,1.0,56,17:56,5.0,0,1,18:01,7.0,18:01,18:46,
56,1.0,57,17:58,5.0,3,1,18:06,0.0,18:06,18:51,
57,1.0,58,18:03,5.0,3,1,18:11,1.0,18:11,18:56,
58,1.0,59,18:20,5.0,0,1,18:25,2.0,18:25,19:10,
59,1.0,60,18:27,5.0,0,1,18:32,3.0,18:32,19:17,
60,1.0,61,18:31,5.0,1,1,18:37,4.0,18:37,19:22,
61,1.0,62,18:34,5.0,3,1,18:42,5.0,18:42,19:27,
62,1.0,63,18:52,5.0,0,1,18:57,6.0,18:57,19:42,
63,1.0,64,19:14,5.0,0,1,19:19,7.0,19:19,20:04,
64,1.0,65,19:29,5.0,0,1,19:34,0.0,19:34,20:19,
65,1.0,66,19:42,5.0,0,1,19:47,1.0,19:47,20:32,
66,1.0,67,20:10,5.0,0,1,20:15,2.0,20:15,21:00,
67,1.0,68,20:12,5.0,3,1,20:20,3.0,20:20,21:05,
68,1.0,69,20:38,5.0,0,1,20:43,4.0,20:43,21:28,
69,1.0,70,20:43,5.0,0,1,20:48,5.0,20:48,21:33,
70,1.0,71,20:53,5.0,0,1,20:58,6.0,20:58,21:43,
71,1.0,72,20:54,5.0,4,1,21:03,7.0,21:03,21:48,
72,1.0,73,20:58,5.0,5,1,21:08,0.0,21:08,21:53,
73,1.0,74,20:59,5.0,9,1,21:13,1.0,21:13,21:58,
74,1.0,75,21:05,5.0,8,1,21:18,2.0,21:18,22:03,
75,1.0,76,21:11,5.0,7,1,21:23,3.0,21:23,22:08,
76,1.0,77,21:26,5.0,2,1,21:33,4.0,21:33,22:18,
77,1.0,78,21:30,5.0,3,1,21:38,5.0,21:38,22:23,
78,1.0,79,21:57,5.0,0,1,22:02,6.0,22:02,22:47,
79,1.0,80,22:14,5.0,0,1,22:19,7.0,22:19,23:04,
80,1.0,81,22:29,5.0,0,1,22:34,0.0,22:34,23:19,
81,1.0,82,22:34,5.0,0,1,22:39,1.0,22:39,23:24,
82,1.0,83,22:46,5.0,0,1,22:51,2.0,22:51,23:36,
83,1.0,84,22:47,5.0,4,1,22:56,3.0,22:56,23:41,
84,1.0,85,22:52,5.0,4,1,23:01,4.0,23:01,23:46,
85,1.0,86,23:12,5.0,0,1,23:17,5.0,23:17,24:02,
86,1.0,87,23:39,5.0,0,1,23:44,6.0,23:44,24:29,0.62
87,2.0,1,6:12,5.0,0,1,6:17,0.0,6:17,7:02,
88,2.0,2,6:14,5.0,3,1,6:22,1.0,6:22,7:07,
89,2.0,3,7:09,5.0,0,1,7:14,2.0,7:14,7:59,
90,2.0,4,7:25,5.0,0,1,7:30,3.0,7:30,8:15,
91,2.0,5,7:33,5.0,0,1,7:38,4.0,7:38,8:23,
92,2.0,6,7:36,5.0,2,1,7:43,5.0,7:43,8:28,
93,2.0,7,7:42,5.0,1,1,7:48,6.0,7:48,8:33,
94,2.0,8,8:13,5.0,0,1,8:18,7.0,8:18,9:03,
95,2.0,9,8:14,5.0,4,1,8:23,0.0,8:23,9:08,
96,2.0,10,8:19,5.0,4,1,8:28,1.0,8:28,9:13,
97,2.0,11,8:26,5.0,2,1,8:33,2.0,8:33,9:18,
98,2.0,12,8:32,5.0,1,1,8:38,3.0,8:38,9:23,
99,2.0,13,8:33,5.0,5,1,8:43,4.0,8:43,9:28,
100,2.0,14,8:47,5.0,0,1,8:52,5.0,8:52,9:37,
101,2.0,15,8:53,5.0,0,1,8:58,6.0,8:58,9:43,
102,2.0,16,9:00,5.0,3,1,9:08,7.0,9:08,9:53,
103,2.0,17,9:10,5.0,0,1,9:15,0.0,9:15,10:00,
104,2.0,18,9:21,5.0,0,1,9:26,1.0,9:26,10:11,
105,2.0,19,9:23,5.0,3,1,9:31,2.0,9:31,10:16,
106,2.0,20,9:47,5.0,0,1,9:52,3.0,9:52,10:37,
107,2.0,21,9:54,5.0,0,1,9:59,4.0,9:59,10:44,
108,2.0,22,9:58,5.0,1,1,10:04,5.0,10:04,10:49,
109,2.0,23,9:59,5.0,5,1,10:09,6.0,10:09,10:54,
110,2.0,24,10:00,5.0,9,1,10:14,7.0,10:14,10:59,
111,2.0,25,10:06,5.0,8,1,10:19,0.0,10:19,11:04,
112,2.0,26,10:14,5.0,5,1,10:24,1.0,10:24,11:09,
113,2.0,27,10:15,5.0,9,1,10:29,2.0,10:29,11:14,
114,2.0,28,10:37,5.0,0,1,10:42,3.0,10:42,11:27,
115,2.0,29,10:47,5.0,0,1,10:52,4.0,10:52,11:37,
116,2.0,30,11:00,5.0,0,1,11:05,5.0,11:05,11:50,
117,2.0,31,11:02,5.0,3,1,11:10,6.0,11:10,11:55,
118,2.0,32,11:03,5.0,7,1,11:15,7.0,11:15,12:00,
119,2.0,33,11:15,5.0,0,1,11:20,0.0,11:20,12:05,
120,2.0,34,11:23,5.0,0,1,11:28,1.0,11:28,12:13,
121,2.0,35,11:25,5.0,3,1,11:33,2.0,11:33,12:18,
122,2.0,36,11:53,5.0,0,1,11:58,3.0,11:58,12:43,
123,2.0,37,11:58,5.0,0,1,12:03,4.0,12:03,12:48,
124,2.0,38,12:00,5.0,3,1,12:08,5.0,12:08,12:53,
125,2.0,39,12:04,5.0,4,1,12:13,6.0,12:13,12:58,
126,2.0,40,12:16,5.0,0,1,12:21,7.0,12:21,13:06,
127,2.0,41,12:19,5.0,2,1,12:26,0.0,12:26,13:11,
128,2.0,42,12:26,5.0,0,1,12:31,1.0,12:31,13:16,
129,2.0,43,12:32,5.0,0,1,12:37,2.0,12:37,13:22,
130,2.0,44,12:41,5.0,2,1,12:48,3.0,12:48,13:33,
131,2.0,45,12:48,5.0,0,1,12:53,4.0,12:53,13:38,
132,2.0,46,13:21,5.0,0,1,13:26,5.0,13:26,14:11,
133,2.0,47,13:23,5.0,3,1,13:31,6.0,13:31,14:16,
134,2.0,48,13:27,5.0,4,1,13:36,7.0,13:36,14:21,
135,2.0,49,13:32,5.0,4,1,13:41,0.0,13:41,14:26,
136,2.0,50,13:33,5.0,8,1,13:46,1.0,13:46,14:31,
137,2.0,51,13:52,5.0,0,1,13:57,2.0,13:57,14:42,
138,2.0,52,13:55,5.0,2,1,14:02,3.0,14:02,14:47,
139,2.0,53,13:57,5.0,5,1,14:07,4.0,14:07,14:52,
140,2.0,54,14:04,5.0,7,1,14:16,5.0,14:16,15:01,
141,2.0,55,14:08,5.0,8,1,14:21,6.0,14:21,15:06,
142,2.0,56,14:13,5.0,8,1,14:26,7.0,14:26,15:11,
143,2.0,57,14:15,5.0,11,1,14:31,0.0,14:31,15:16,
144,2.0,58,14:16,5.0,15,1,14:36,1.0,14:36,15:21,
145,2.0,59,14:18,5.0,24,1,14:47,2.0,14:47,15:32,
146,2.0,60,14:56,5.0,0,1,15:01,3.0,15:01,15:46,
147,2.0,61,15:08,5.0,0,1,15:13,4.0,15:13,15:58,
148,2.0,62,16:01,5.0,0,1,16:06,5.0,16:06,16:51,
149,2.0,63,16:20,5.0,0,1,16:25,6.0,16:25,17:10,
150,2.0,64,16:23,5.0,2,1,16:30,7.0,16:30,17:15,
151,2.0,65,16:40,5.0,0,1,16:45,0.0,16:45,17:30,
152,2.0,66,17:00,5.0,0,1,17:05,1.0,17:05,17:50,
153,2.0,67,17:02,5.0,3,1,17:10,2.0,17:10,17:55,
154,2.0,68,17:07,5.0,3,1,17:15,3.0,17:15,18:00,
155,2.0,69,17:25,5.0,0,1,17:30,4.0,17:30,18:15,
156,2.0,70,17:39,5.0,0,1,17:44,5.0,17:44,18:29,
157,2.0,71,17:40,5.0,4,1,17:49,6.0,17:49,18:34,
158,2.0,72,17:45,5.0,4,1,17:54,7.0,17:54,18:39,
159,2.0,73,17:47,5.0,7,1,17:59,0.0,17:59,18:44,
160,2.0,74,17:49,5.0,10,1,18:04,1.0,18:04,18:49,
161,2.0,75,17:50,5.0,14,1,18:09,2.0,18:09,18:54,
162,2.0,76,17:51,5.0,18,1,18:14,3.0,18:14,18:59,
163,2.0,77,18:05,5.0,10,1,18:20,4.0,18:20,19:05,
164,2.0,78,18:06,5.0,23,1,18:34,5.0,18:34,19:19,
165,2.0,79,18:07,5.0,27,1,18:39,6.0,18:39,19:24,
166,2.0,80,18:12,5.0,27,1,18:44,7.0,18:44,19:29,
167,2.0,81,18:18,5.0,26,1,18:49,0.0,18:49,19:34,
168,2.0,82,18:19,5.0,30,1,18:54,1.0,18:54,19:39,
169,2.0,83,18:26,5.0,28,1,18:59,2.0,18:59,19:44,
170,2.0,84,18:29,5.0,30,1,19:04,3.0,19:04,19:49,
171,2.0,85,18:32,5.0,33,1,19:10,4.0,19:10,19:55,
172,2.0,86,18:33,5.0,46,1,19:24,5.0,19:24,20:09,
173,2.0,87,18:35,5.0,49,1,19:29,6.0,19:29,20:14,
174,2.0,88,18:48,5.0,41,1,19:34,7.0,19:34,20:19,
175,2.0,89,19:05,5.0,29,1,19:39,0.0,19:39,20:24,
176,2.0,90,19:11,5.0,28,1,19:44,1.0,19:44,20:29,
177,2.0,91,19:15,5.0,29,1,19:49,2.0,19:49,20:34,
178,2.0,92,19:31,5.0,18,1,19:54,3.0,19:54,20:39,
179,2.0,93,19:42,5.0,13,1,20:00,4.0,20:00,20:45,
180,2.0,94,20:01,5.0,8,1,20:14,5.0,20:14,20:59,
181,2.0,95,20:08,5.0,6,1,20:19,6.0,20:19,21:04,
182,2.0,96,20:09,5.0,10,1,20:24,7.0,20:24,21:09,
183,2.0,97,20:14,5.0,10,1,20:29,0.0,20:29,21:14,
184,2.0,98,20:20,5.0,9,1,20:34,1.0,20:34,21:19,
185,2.0,99,20:22,5.0,12,1,20:39,2.0,20:39,21:24,
186,2.0,100,20:24,5.0,15,1,20:44,3.0,20:44,21:29,
187,2.0,101,20:32,5.0,13,1,20:50,4.0,20:50,21:35,
188,2.0,102,20:38,5.0,21,1,21:04,5.0,21:04,21:49,
189,2.0,103,20:55,5.0,9,1,21:09,6.0,21:09,21:54,
190,2.0,104,21:12,5.0,0,1,21:17,7.0,21:17,22:02,
191,2.0,105,21:55,5.0,0,1,22:00,0.0,22:00,22:45,
192,2.0,106,22:04,5.0,0,1,22:09,1.0,22:09,22:54,
193,2.0,107,22:27,5.0,0,1,22:32,2.0,22:32,23:17,
194,2.0,108,22:41,5.0,0,1,22:46,3.0,22:46,23:31,
195,2.0,109,22:42,5.0,4,1,22:51,4.0,22:51,23:36,
196,2.0,110,22:43,5.0,8,1,22:56,5.0,22:56,23:41,
197,2.0,111,22:49,5.0,7,1,23:01,6.0,23:01,23:46,
198,2.0,112,22:52,5.0,9,1,23:06,7.0,23:06,23:51,
199,2.0,113,23:35,5.0,0,1,23:40,0.0,23:40,24:25,0.93
200,3.0,1,6:17,5.0,0,1,6:22,0.0,6:22,7:07,
201,3.0,2,7:02,5.0,0,1,7:07,1.0,7:07,7:52,
202,3.0,3,7:27,5.0,0,1,7:32,2.0,7:32,8:17,
203,3.0,4,8:07,5.0,0,1,8:12,3.0,8:12,8:57,
204,3.0,5,8:08,5.0,4,1,8:17,4.0,8:17,9:02,
205,3.0,6,8:18,5.0,0,1,8:23,5.0,8:23,9:08,
206,3.0,7,8:19,5.0,4,1,8:28,6.0,8:28,9:13,
207,3.0,8,8:20,5.0,8,1,8:33,7.0,8:33,9:18,
208,3.0,9,8:21,5.0,12,1,8:38,8.0,8:38,9:23,
209,3.0,10,8:27,5.0,11,1,8:43,0.0,8:43,9:28,
210,3.0,11,8:28,5.0,15,1,8:48,1.0,8:48,9:33,
211,3.0,12,8:34,5.0,14,1,8:53,2.0,8:53,9:38,
212,3.0,13,8:38,5.0,19,1,9:02,3.0,9:02,9:47,
213,3.0,14,8:39,5.0,23,1,9:07,4.0,9:07,9:52,
214,3.0,15,8:41,5.0,27,1,9:13,5.0,9:13,9:58,
215,3.0,16,8:42,5.0,31,1,9:18,6.0,9:18,10:03,
216,3.0,17,8:43,5.0,35,1,9:23,7.0,9:23,10:08,
217,3.0,18,8:45,5.0,38,1,9:28,8.0,9:28,10:13,
218,3.0,19,9:11,5.0,17,1,9:33,0.0,9:33,10:18,
219,3.0,20,9:14,5.0,19,1,9:38,1.0,9:38,10:23,
220,3.0,21,9:18,5.0,20,1,9:43,2.0,9:43,10:28,
221,3.0,22,9:22,5.0,25,1,9:52,3.0,9:52,10:37,
222,3.0,23,9:30,5.0,22,1,9:57,4.0,9:57,10:42,
223,3.0,24,9:37,5.0,21,1,10:03,5.0,10:03,10:48,
224,3.0,25,9:48,5.0,15,1,10:08,6.0,10:08,10:53,
225,3.0,26,9:51,5.0,17,1,10:13,7.0,10:13,10:58,
226,3.0,27,9:56,5.0,17,1,10:18,8.0,10:18,11:03,
227,3.0,28,10:03,5.0,15,1,10:23,0.0,10:23,11:08,
228,3.0,29,10:16,5.0,7,1,10:28,1.0,10:28,11:13,
229,3.0,30,10:18,5.0,10,1,10:33,2.0,10:33,11:18,
230,3.0,31,10:20,5.0,17,1,10:42,3.0,10:42,11:27,
231,3.0,32,10:21,5.0,21,1,10:47,4.0,10:47,11:32,
232,3.0,33,10:25,5.0,23,1,10:53,5.0,10:53,11:38,
233,3.0,34,10:28,5.0,25,1,10:58,6.0,10:58,11:43,
234,3.0,35,10:40,5.0,18,1,11:03,7.0,11:03,11:48,
235,3.0,36,10:55,5.0,8,1,11:08,8.0,11:08,11:53,
236,3.0,37,11:18,5.0,0,1,11:23,0.0,11:23,12:08,
237,3.0,38,11:20,5.0,3,1,11:28,1.0,11:28,12:13,
238,3.0,39,11:23,5.0,5,1,11:33,2.0,11:33,12:18,
239,3.0,40,11:24,5.0,9,1,11:38,3.0,11:38,12:23,
240,3.0,41,11:30,5.0,8,1,11:43,4.0,11:43,12:28,
241,3.0,42,11:31,5.0,12,1,11:48,5.0,11:48,12:33,
242,3.0,43,11:34,5.0,14,1,11:53,6.0,11:53,12:38,
243,3.0,44,11:39,5.0,14,1,11:58,7.0,11:58,12:43,
244,3.0,45,11:41,5.0,17,1,12:03,8.0,12:03,12:48,
245,3.0,46,11:44,5.0,24,1,12:13,0.0,12:13,12:58,
246,3.0,47,11:46,5.0,27,1,12:18,1.0,12:18,13:03,
247,3.0,48,11:50,5.0,28,1,12:23,2.0,12:23,13:08,
248,3.0,49,11:52,5.0,31,1,12:28,3.0,12:28,13:13,
249,3.0,50,12:05,5.0,23,1,12:33,4.0,12:33,13:18,
250,3.0,51,12:06,5.0,27,1,12:38,5.0,12:38,13:23,
251,3.0,52,12:07,5.0,31,1,12:43,6.0,12:43,13:28,
252,3.0,53,12:10,5.0,33,1,12:48,7.0,12:48,13:33,
253,3.0,54,12:15,5.0,33,1,12:53,8.0,12:53,13:38,
254,3.0,55,12:16,5.0,42,1,13:03,0.0,13:03,13:48,
255,3.0,56,12:18,5.0,45,1,13:08,1.0,13:08,13:53,
256,3.0,57,12:19,5.0,49,1,13:13,2.0,13:13,13:58,
257,3.0,58,12:30,5.0,43,1,13:18,3.0,13:18,14:03,
258,3.0,59,12:36,5.0,42,1,13:23,4.0,13:23,14:08,
259,3.0,60,12:45,5.0,38,1,13:28,5.0,13:28,14:13,
260,3.0,61,12:46,5.0,42,1,13:33,6.0,13:33,14:18,
261,3.0,62,12:47,5.0,46,1,13:38,7.0,13:38,14:23,
262,3.0,63,12:48,5.0,50,1,13:43,8.0,13:43,14:28,
263,3.0,64,12:54,5.0,54,1,13:53,0.0,13:53,14:38,
264,3.0,65,13:16,5.0,37,1,13:58,1.0,13:58,14:43,
265,3.0,66,13:25,5.0,33,1,14:03,2.0,14:03,14:48,
266,3.0,67,13:33,5.0,30,1,14:08,3.0,14:08,14:53,
267,3.0,68,13:35,5.0,33,1,14:13,4.0,14:13,14:58,
268,3.0,69,13:37,5.0,36,1,14:18,5.0,14:18,15:03,
269,3.0,70,13:39,5.0,39,1,14:23,6.0,14:23,15:08,
270,3.0,71,13:43,5.0,40,1,14:28,7.0,14:28,15:13,
271,3.0,72,13:45,5.0,43,1,14:33,8.0,14:33,15:18,
272,3.0,73,13:47,5.0,51,1,14:43,0.0,14:43,15:28,
273,3.0,74,13:49,5.0,54,1,14:48,1.0,14:48,15:33,
274,3.0,75,14:00,5.0,48,1,14:53,2.0,14:53,15:38,
275,3.0,76,14:06,5.0,47,1,14:58,3.0,14:58,15:43,
276,3.0,77,14:13,5.0,45,1,15:03,4.0,15:03,15:48,
277,3.0,78,14:16,5.0,47,1,15:08,5.0,15:08,15:53,
278,3.0,79,14:29,5.0,39,1,15:13,6.0,15:13,15:58,
279,3.0,80,14:42,5.0,31,1,15:18,7.0,15:18,16:03,
280,3.0,81,14:52,5.0,26,1,15:23,8.0,15:23,16:08,
281,3.0,82,14:55,5.0,33,1,15:33,0.0,15:33,16:18,
282,3.0,83,15:00,5.0,33,1,15:38,1.0,15:38,16:23,
283,3.0,84,15:19,5.0,19,1,15:43,2.0,15:43,16:28,
284,3.0,85,16:01,5.0,0,1,16:06,3.0,16:06,16:51,
285,3.0,86,16:13,5.0,0,1,16:18,4.0,16:18,17:03,
286,3.0,87,16:22,5.0,0,1,16:27,5.0,16:27,17:12,
287,3.0,88,16:26,5.0,1,1,16:32,6.0,16:32,17:17,
288,3.0,89,16:29,5.0,3,1,16:37,7.0,16:37,17:22,
289,3.0,90,16:38,5.0,0,1,16:43,8.0,16:43,17:28,
290,3.0,91,16:47,5.0,0,1,16:52,0.0,16:52,17:37,
291,3.0,92,16:52,5.0,0,1,16:57,1.0,16:57,17:42,
292,3.0,93,16:53,5.0,4,1,17:02,2.0,17:02,17:47,
293,3.0,94,17:00,5.0,2,1,17:07,3.0,17:07,17:52,
294,3.0,95,17:01,5.0,6,1,17:12,4.0,17:12,17:57,
295,3.0,96,17:11,5.0,1,1,17:17,5.0,17:17,18:02,
296,3.0,97,17:17,5.0,0,1,17:22,6.0,17:22,18:07,
297,3.0,98,17:18,5.0,4,1,17:27,7.0,17:27,18:12,
298,3.0,99,17:19,5.0,9,1,17:33,8.0,17:33,18:18,
299,3.0,100,17:23,5.0,14,1,17:42,0.0,17:42,18:27,
300,3.0,101,17:25,5.0,17,1,17:47,1.0,17:47,18:32,
301,3.0,102,17:32,5.0,15,1,17:52,2.0,17:52,18:37,
302,3.0,103,17:42,5.0,10,1,17:57,3.0,17:57,18:42,
303,3.0,104,17:43,5.0,14,1,18:02,4.0,18:02,18:47,
304,3.0,105,17:46,5.0,16,1,18:07,5.0,18:07,18:52,
305,3.0,106,17:48,5.0,19,1,18:12,6.0,18:12,18:57,
306,3.0,107,17:59,5.0,13,1,18:17,7.0,18:17,19:02,
307,3.0,108,18:02,5.0,16,1,18:23,8.0,18:23,19:08,
308,3.0,109,18:06,5.0,21,1,18:32,0.0,18:32,19:17,
309,3.0,110,18:09,5.0,23,1,18:37,1.0,18:37,19:22,
310,3.0,111,18:16,5.0,21,1,18:42,2.0,18:42,19:27,
311,3.0,112,18:18,5.0,24,1,18:47,3.0,18:47,19:32,
312,3.0,113,18:22,5.0,25,1,18:52,4.0,18:52,19:37,
313,3.0,114,18:24,5.0,28,1,18:57,5.0,18:57,19:42,
314,3.0,115,18:27,5.0,30,1,19:02,6.0,19:02,19:47,
315,3.0,116,18:29,5.0,33,1,19:07,7.0,19:07,19:52,
316,3.0,117,18:34,5.0,34,1,19:13,8.0,19:13,19:58,
317,3.0,118,18:35,5.0,42,1,19:22,0.0,19:22,20:07,
318,3.0,119,18:37,5.0,45,1,19:27,1.0,19:27,20:12,
319,3.0,120,18:48,5.0,39,1,19:32,2.0,19:32,20:17,
320,3.0,121,18:49,5.0,43,1,19:37,3.0,19:37,20:22,
321,3.0,122,18:55,5.0,42,1,19:42,4.0,19:42,20:27,
322,3.0,123,19:03,5.0,39,1,19:47,5.0,19:47,20:32,
323,3.0,124,19:25,5.0,22,1,19:52,6.0,19:52,20:37,
324,3.0,125,19:28,5.0,24,1,19:57,7.0,19:57,20:42,
325,3.0,126,19:30,5.0,28,1,20:03,8.0,20:03,20:48,
326,3.0,127,19:32,5.0,35,1,20:12,0.0,20:12,20:57,
327,3.0,128,19:39,5.0,33,1,20:17,1.0,20:17,21:02,
328,3.0,129,19:43,5.0,34,1,20:22,2.0,20:22,21:07,
329,3.0,130,19:58,5.0,24,1,20:27,3.0,20:27,21:12,
330,3.0,131,20:10,5.0,17,1,20:32,4.0,20:32,21:17,
331,3.0,132,20:23,5.0,9,1,20:37,5.0,20:37,21:22,
332,3.0,133,20:25,5.0,12,1,20:42,6.0,20:42,21:27,
333,3.0,134,20:27,5.0,15,1,20:47,7.0,20:47,21:32,
334,3.0,135,20:28,5.0,20,1,20:53,8.0,20:53,21:38,
335,3.0,136,20:35,5.0,22,1,21:02,0.0,21:02,21:47,
336,3.0,137,20:36,5.0,26,1,21:07,1.0,21:07,21:52,
337,3.0,138,20:40,5.0,27,1,21:12,2.0,21:12,21:57,
338,3.0,139,20:53,5.0,19,1,21:17,3.0,21:17,22:02,
339,3.0,140,20:54,5.0,23,1,21:22,4.0,21:22,22:07,
340,3.0,141,21:00,5.0,22,1,21:27,5.0,21:27,22:12,
341,3.0,142,21:05,5.0,22,1,21:32,6.0,21:32,22:17,
342,3.0,143,21:23,5.0,9,1,21:37,7.0,21:37,22:22,
343,3.0,144,21:28,5.0,10,1,21:43,8.0,21:43,22:28,
344,3.0,145,21:30,5.0,17,1,21:52,0.0,21:52,22:37,
345,3.0,146,21:47,5.0,5,1,21:57,1.0,21:57,22:42,
346,3.0,147,22:02,5.0,0,1,22:07,2.0,22:07,22:52,
347,3.0,148,22:14,5.0,0,1,22:19,3.0,22:19,23:04,
348,3.0,149,22:24,5.0,0,1,22:29,4.0,22:29,23:14,
349,3.0,150,22:38,5.0,0,1,22:43,5.0,22:43,23:28,
350,3.0,151,22:41,5.0,2,1,22:48,6.0,22:48,23:33,
351,3.0,152,22:49,5.0,0,1,22:54,7.0,22:54,23:39,
352,3.0,153,22:56,5.0,0,1,23:01,8.0,23:01,23:46,
353,3.0,154,22:57,5.0,4,1,23:06,0.0,23:06,23:51,
354,3.0,155,22:58,5.0,8,1,23:11,1.0,23:11,23:56,
355,3.0,156,23:43,5.0,0,1,23:48,2.0,23:48,24:33,1.14
356,4.0,1,6:05,5.0,0,1,6:10,0.0,6:10,6:55,
357,4.0,2,6:23,5.0,0,1,6:28,1.0,6:28,7:13,
358,4.0,3,6:42,5.0,0,1,6:47,2.0,6:47,7:32,
359,4.0,4,6:52,5.0,0,1,6:57,3.0,6:57,7:42,
360,4.0,5,7:00,5.0,0,1,7:05,4.0,7:05,7:50,
361,4.0,6,7:05,5.0,0,1,7:10,5.0,7:10,7:55,
362,4.0,7,7:06,5.0,4,1,7:15,6.0,7:15,8:00,
363,4.0,8,7:29,5.0,0,1,7:34,7.0,7:34,8:19,
364,4.0,9,7:32,5.0,2,1,7:39,8.0,7:39,8:24,
365,4.0,10,7:33,5.0,6,1,7:44,9.0,7:44,8:29,
366,4.0,11,7:40,5.0,4,1,7:49,10.0,7:49,8:34,
367,4.0,12,7:59,5.0,0,1,8:04,11.0,8:04,8:49,
368,4.0,13,8:00,5.0,4,1,8:09,0.0,8:09,8:54,
369,4.0,14,8:01,5.0,8,1,8:14,1.0,8:14,8:59,
370,4.0,15,8:09,5.0,5,1,8:19,2.0,8:19,9:04,
371,4.0,16,8:16,5.0,3,1,8:24,3.0,8:24,9:09,
372,4.0,17,8:22,5.0,2,1,8:29,4.0,8:29,9:14,
373,4.0,18,8:23,5.0,6,1,8:34,5.0,8:34,9:19,
374,4.0,19,8:27,5.0,7,1,8:39,6.0,8:39,9:24,
375,4.0,20,8:29,5.0,10,1,8:44,7.0,8:44,9:29,
376,4.0,21,8:41,5.0,3,1,8:49,8.0,8:49,9:34,
377,4.0,22,8:43,5.0,6,1,8:54,9.0,8:54,9:39,
378,4.0,23,8:52,5.0,2,1,8:59,10.0,8:59,9:44,
379,4.0,24,9:01,5.0,0,1,9:06,11.0,9:06,9:51,
380,4.0,25,9:03,5.0,3,1,9:11,0.0,9:11,9:56,
381,4.0,26,9:05,5.0,6,1,9:16,1.0,9:16,10:01,
382,4.0,27,9:18,5.0,0,1,9:23,2.0,9:23,10:08,
383,4.0,28,9:21,5.0,2,1,9:28,3.0,9:28,10:13,
384,4.0,29,9:29,5.0,0,1,9:34,4.0,9:34,10:19,
385,4.0,30,9:49,5.0,0,1,9:54,5.0,9:54,10:39,
386,4.0,31,9:53,5.0,1,1,9:59,6.0,9:59,10:44,
387,4.0,32,9:55,5.0,4,1,10:04,7.0,10:04,10:49,
388,4.0,33,10:09,5.0,0,1,10:14,8.0,10:14,10:59,
389,4.0,34,10:15,5.0,0,1,10:20,9.0,10:20,11:05,
390,4.0,35,10:21,5.0,0,1,10:26,10.0,10:26,11:11,
391,4.0,36,10:29,5.0,0,1,10:34,11.0,10:34,11:19,
392,4.0,37,10:38,5.0,0,1,10:43,0.0,10:43,11:28,
393,4.0,38,10:41,5.0,2,1,10:48,1.0,10:48,11:33,
394,4.0,39,11:00,5.0,0,1,11:05,2.0,11:05,11:50,
395,4.0,40,11:01,5.0,4,1,11:10,3.0,11:10,11:55,
396,4.0,41,11:06,5.0,4,1,11:15,4.0,11:15,12:00,
397,4.0,42,11:08,5.0,7,1,11:20,5.0,11:20,12:05,
398,4.0,43,11:15,5.0,5,1,11:25,6.0,11:25,12:10,
399,4.0,44,11:16,5.0,9,1,11:30,7.0,11:30,12:15,
400,4.0,45,11:17,5.0,13,1,11:35,8.0,11:35,12:20,
401,4.0,46,11:26,5.0,9,1,11:40,9.0,11:40,12:25,
402,4.0,47,11:28,5.0,12,1,11:45,10.0,11:45,12:30,
403,4.0,48,11:29,5.0,16,1,11:50,11.0,11:50,12:35,
404,4.0,49,11:33,5.0,17,1,11:55,0.0,11:55,12:40,
405,4.0,50,11:36,5.0,19,1,12:00,1.0,12:00,12:45,
406,4.0,51,11:38,5.0,22,1,12:05,2.0,12:05,12:50,
407,4.0,52,11:40,5.0,25,1,12:10,3.0,12:10,12:55,
408,4.0,53,11:43,5.0,27,1,12:15,4.0,12:15,13:00,
409,4.0,54,12:05,5.0,10,1,12:20,5.0,12:20,13:05,
410,4.0,55,12:06,5.0,14,1,12:25,6.0,12:25,13:10,
411,4.0,56,12:12,5.0,13,1,12:30,7.0,12:30,13:15,
412,4.0,57,12:18,5.0,12,1,12:35,8.0,12:35,13:20,
413,4.0,58,12:19,5.0,16,1,12:40,9.0,12:40,13:25,
414,4.0,59,12:20,5.0,20,1,12:45,10.0,12:45,13:30,
415,4.0,60,12:24,5.0,21,1,12:50,11.0,12:50,13:35,
416,4.0,61,12:25,5.0,25,1,12:55,0.0,12:55,13:40,
417,4.0,62,12:29,5.0,26,1,13:00,1.0,13:00,13:45,
418,4.0,63,12:37,5.0,23,1,13:05,2.0,13:05,13:50,
419,4.0,64,12:47,5.0,18,1,13:10,3.0,13:10,13:55,
420,4.0,65,12:51,5.0,19,1,13:15,4.0,13:15,14:00,
421,4.0,66,12:54,5.0,21,1,13:20,5.0,13:20,14:05,
422,4.0,67,12:58,5.0,22,1,13:25,6.0,13:25,14:10,
423,4.0,68,13:04,5.0,21,1,13:30,7.0,13:30,14:15,
424,4.0,69,13:06,5.0,24,1,13:35,8.0,13:35,14:20,
425,4.0,70,13:20,5.0,15,1,13:40,9.0,13:40,14:25,
426,4.0,71,13:21,5.0,19,1,13:45,10.0,13:45,14:30,
427,4.0,72,13:32,5.0,13,1,13:50,11.0,13:50,14:35,
428,4.0,73,13:37,5.0,13,1,13:55,0.0,13:55,14:40,
429,4.0,74,13:44,5.0,11,1,14:00,1.0,14:00,14:45,
430,4.0,75,13:55,5.0,5,1,14:05,2.0,14:05,14:50,
431,4.0,76,14:02,5.0,3,1,14:10,3.0,14:10,14:55,
432,4.0,77,14:03,5.0,7,1,14:15,4.0,14:15,15:00,
433,4.0,78,14:11,5.0,4,1,14:20,5.0,14:20,15:05,
434,4.0,79,14:16,5.0,4,1,14:25,6.0,14:25,15:10,
435,4.0,80,14:24,5.0,1,1,14:30,7.0,14:30,15:15,
436,4.0,81,14:35,5.0,0,1,14:40,8.0,14:40,15:25,
437,4.0,82,14:50,5.0,0,1,14:55,9.0,14:55,15:40,
438,4.0,83,14:56,5.0,0,1,15:01,10.0,15:01,15:46,
439,4.0,84,14:57,5.0,4,1,15:06,11.0,15:06,15:51,
440,4.0,85,14:59,5.0,7,1,15:11,0.0,15:11,15:56,
441,4.0,86,15:13,5.0,0,1,15:18,1.0,15:18,16:03,
442,4.0,87,15:16,5.0,2,1,15:23,2.0,15:23,16:08,
443,4.0,88,15:19,5.0,4,1,15:28,3.0,15:28,16:13,
444,4.0,89,15:28,5.0,0,1,15:33,4.0,15:33,16:18,
445,4.0,90,15:41,5.0,0,1,15:46,5.0,15:46,16:31,
446,4.0,91,16:03,5.0,0,1,16:08,6.0,16:08,16:53,
447,4.0,92,16:04,5.0,4,1,16:13,7.0,16:13,16:58,
448,4.0,93,16:12,5.0,1,1,16:18,8.0,16:18,17:03,
449,4.0,94,16:13,5.0,5,1,16:23,9.0,16:23,17:08,
450,4.0,95,16:18,5.0,5,1,16:28,10.0,16:28,17:13,
451,4.0,96,16:29,5.0,0,1,16:34,11.0,16:34,17:19,
452,4.0,97,16:30,5.0,4,1,16:39,0.0,16:39,17:24,
453,4.0,98,16:39,5.0,0,1,16:44,1.0,16:44,17:29,
454,4.0,99,16:46,5.0,0,1,16:51,2.0,16:51,17:36,
455,4.0,100,16:59,5.0,0,1,17:04,3.0,17:04,17:49,
456,4.0,101,17:03,5.0,1,1,17:09,4.0,17:09,17:54,
457,4.0,102,17:04,5.0,5,1,17:14,5.0,17:14,17:59,
458,4.0,103,17:05,5.0,9,1,17:19,6.0,17:19,18:04,
459,4.0,104,17:08,5.0,11,1,17:24,7.0,17:24,18:09,
460,4.0,105,17:13,5.0,11,1,17:29,8.0,17:29,18:14,
461,4.0,106,17:16,5.0,13,1,17:34,9.0,17:34,18:19,
462,4.0,107,17:18,5.0,16,1,17:39,10.0,17:39,18:24,
463,4.0,108,17:26,5.0,13,1,17:44,11.0,17:44,18:29,
464,4.0,109,17:28,5.0,16,1,17:49,0.0,17:49,18:34,
465,4.0,110,17:33,5.0,16,1,17:54,1.0,17:54,18:39,
466,4.0,111,17:40,5.0,14,1,17:59,2.0,17:59,18:44,
467,4.0,112,17:45,5.0,14,1,18:04,3.0,18:04,18:49,
468,4.0,113,17:46,5.0,18,1,18:09,4.0,18:09,18:54,
469,4.0,114,17:49,5.0,20,1,18:14,5.0,18:14,18:59,
470,4.0,115,17:52,5.0,22,1,18:19,6.0,18:19,19:04,
471,4.0,116,17:53,5.0,26,1,18:24,7.0,18:24,19:09,
472,4.0,117,18:01,5.0,23,1,18:29,8.0,18:29,19:14,
473,4.0,118,18:02,5.0,27,1,18:34,9.0,18:34,19:19,
474,4.0,119,18:04,5.0,30,1,18:39,10.0,18:39,19:24,
475,4.0,120,18:08,5.0,31,1,18:44,11.0,18:44,19:29,
476,4.0,121,18:09,5.0,35,1,18:49,0.0,18:49,19:34,
477,4.0,122,18:17,5.0,32,1,18:54,1.0,18:54,19:39,
478,4.0,123,18:21,5.0,33,1,18:59,2.0,18:59,19:44,
479,4.0,124,18:27,5.0,32,1,19:04,3.0,19:04,19:49,
480,4.0,125,18:28,5.0,36,1,19:09,4.0,19:09,19:54,
481,4.0,126,18:29,5.0,40,1,19:14,5.0,19:14,19:59,
482,4.0,127,18:32,5.0,42,1,19:19,6.0,19:19,20:04,
483,4.0,128,18:41,5.0,38,1,19:24,7.0,19:24,20:09,
484,4.0,129,18:44,5.0,40,1,19:29,8.0,19:29,20:14,
485,4.0,130,18:48,5.0,41,1,19:34,9.0,19:34,20:19,
486,4.0,131,18:49,5.0,45,1,19:39,10.0,19:39,20:24,
487,4.0,132,18:56,5.0,43,1,19:44,11.0,19:44,20:29,
488,4.0,133,19:01,5.0,43,1,19:49,0.0,19:49,20:34,
489,4.0,134,19:08,5.0,41,1,19:54,1.0,19:54,20:39,
490,4.0,135,19:17,5.0,37,1,19:59,2.0,19:59,20:44,
491,4.0,136,19:18,5.0,41,1,20:04,3.0,20:04,20:49,
492,4.0,137,19:19,5.0,45,1,20:09,4.0,20:09,20:54,
493,4.0,138,19:21,5.0,48,1,20:14,5.0,20:14,20:59,
494,4.0,139,19:36,5.0,38,1,20:19,6.0,20:19,21:04,
495,4.0,140,19:40,5.0,39,1,20:24,7.0,20:24,21:09,
496,4.0,141,19:42,5.0,42,1,20:29,8.0,20:29,21:14,
497,4.0,142,19:53,5.0,36,1,20:34,9.0,20:34,21:19,
498,4.0,143,20:05,5.0,29,1,20:39,10.0,20:39,21:24,
499,4.0,144,20:10,5.0,29,1,20:44,11.0,20:44,21:29,
500,4.0,145,20:17,5.0,27,1,20:49,0.0,20:49,21:34,
501,4.0,146,20:19,5.0,30,1,20:54,1.0,20:54,21:39,
502,4.0,147,20:21,5.0,33,1,20:59,2.0,20:59,21:44,
503,4.0,148,20:22,5.0,37,1,21:04,3.0,21:04,21:49,
504,4.0,149,20:30,5.0,34,1,21:09,4.0,21:09,21:54,
505,4.0,150,20:35,5.0,34,1,21:14,5.0,21:14,21:59,
506,4.0,151,20:44,5.0,30,1,21:19,6.0,21:19,22:04,
507,4.0,152,20:45,5.0,34,1,21:24,7.0,21:24,22:09,
508,4.0,153,20:47,5.0,37,1,21:29,8.0,21:29,22:14,
509,4.0,154,20:51,5.0,38,1,21:34,9.0,21:34,22:19,
510,4.0,155,20:58,5.0,36,1,21:39,10.0,21:39,22:24,
511,4.0,156,20:59,5.0,40,1,21:44,11.0,21:44,22:29,
512,4.0,157,21:09,5.0,35,1,21:49,0.0,21:49,22:34,
513,4.0,158,21:12,5.0,37,1,21:54,1.0,21:54,22:39,
514,4.0,159,21:17,5.0,37,1,21:59,2.0,21:59,22:44,
515,4.0,160,21:19,5.0,40,1,22:04,3.0,22:04,22:49,
516,4.0,161,21:31,5.0,33,1,22:09,4.0,22:09,22:54,
517,4.0,162,21:33,5.0,36,1,22:14,5.0,22:14,22:59,
518,4.0,163,21:35,5.0,39,1,22:19,6.0,22:19,23:04,
519,4.0,164,21:37,5.0,42,1,22:24,7.0,22:24,23:09,
520,4.0,165,21:38,5.0,46,1,22:29,8.0,22:29,23:14,
521,4.0,166,21:52,5.0,37,1,22:34,9.0,22:34,23:19,
522,4.0,167,22:05,5.0,29,1,22:39,10.0,22:39,23:24,
523,4.0,168,22:08,5.0,31,1,22:44,11.0,22:44,23:29,
524,4.0,169,22:09,5.0,35,1,22:49,0.0,22:49,23:34,
525,4.0,170,22:15,5.0,34,1,22:54,1.0,22:54,23:39,
526,4.0,171,22:16,5.0,38,1,22:59,2.0,22:59,23:44,
527,4.0,172,22:21,5.0,38,1,23:04,3.0,23:04,23:49,
528,4.0,173,22:25,5.0,39,1,23:09,4.0,23:09,23:54,
529,4.0,174,22:40,5.0,29,1,23:14,5.0,23:14,23:59,
530,4.0,175,23:12,5.0,2,1,23:19,6.0,23:19,24:04,
531,4.0,176,23:40,5.0,0,1,23:45,7.0,23:45,24:30,
532,4.0,177,23:41,5.0,4,1,23:50,8.0,23:50,24:35,
533,4.0,178,23:43,5.0,7,1,23:55,9.0,23:55,24:40,
534,4.0,179,23:52,5.0,3,1,24:00,10.0,24:00,24:45,1.07
535,5.0,1,6:33,5.0,0,1,6:38,0.0,6:38,7:23,
536,5.0,2,6:35,5.0,3,1,6:43,1.0,6:43,7:28,
537,5.0,3,6:42,5.0,1,1,6:48,2.0,6:48,7:33,
538,5.0,4,6:46,5.0,2,1,6:53,3.0,6:53,7:38,
539,5.0,5,6:56,5.0,0,1,7:01,4.0,7:01,7:46,
540,5.0,6,7:02,5.0,0,1,7:07,5.0,7:07,7:52,
541,5.0,7,7:04,5.0,3,1,7:12,6.0,7:12,7:57,
542,5.0,8,7:13,5.0,0,1,7:18,7.0,7:18,8:03,
543,5.0,9,7:24,5.0,0,1,7:29,8.0,7:29,8:14,
544,5.0,10,7:45,5.0,0,1,7:50,9.0,7:50,8:35,
545,5.0,11,7:53,5.0,0,1,7:58,0.0,7:58,8:43,
546,5.0,12,8:02,5.0,0,1,8:07,1.0,8:07,8:52,
547,5.0,13,8:03,5.0,4,1,8:12,2.0,8:12,8:57,
548,5.0,14,8:05,5.0,7,1,8:17,3.0,8:17,9:02,
549,5.0,15,8:13,5.0,4,1,8:22,4.0,8:22,9:07,
550,5.0,16,8:14,5.0,8,1,8:27,5.0,8:27,9:12,
551,5.0,17,8:15,5.0,12,1,8:32,6.0,8:32,9:17,
552,5.0,18,8:24,5.0,8,1,8:37,7.0,8:37,9:22,
553,5.0,19,8:26,5.0,11,1,8:42,8.0,8:42,9:27,
554,5.0,20,8:28,5.0,14,1,8:47,9.0,8:47,9:32,
555,5.0,21,8:35,5.0,12,1,8:52,0.0,8:52,9:37,
556,5.0,22,8:42,5.0,10,1,8:57,1.0,8:57,9:42,
557,5.0,23,8:44,5.0,13,1,9:02,2.0,9:02,9:47,
558,5.0,24,8:46,5.0,16,1,9:07,3.0,9:07,9:52,
559,5.0,25,8:48,5.0,19,1,9:12,4.0,9:12,9:57,
560,5.0,26,8:50,5.0,22,1,9:17,5.0,9:17,10:02,
561,5.0,27,8:56,5.0,21,1,9:22,6.0,9:22,10:07,
562,5.0,28,9:00,5.0,22,1,9:27,7.0,9:27,10:12,
563,5.0,29,9:01,5.0,26,1,9:32,8.0,9:32,10:17,
564,5.0,30,9:06,5.0,26,1,9:37,9.0,9:37,10:22,
565,5.0,31,9:16,5.0,21,1,9:42,0.0,9:42,10:27,
566,5.0,32,9:25,5.0,17,1,9:47,1.0,9:47,10:32,
567,5.0,33,9:36,5.0,11,1,9:52,2.0,9:52,10:37,
568,5.0,34,9:48,5.0,4,1,9:57,3.0,9:57,10:42,
569,5.0,35,10:05,5.0,0,1,10:10,4.0,10:10,10:55,
570,5.0,36,10:09,5.0,1,1,10:15,5.0,10:15,11:00,
571,5.0,37,10:14,5.0,1,1,10:20,6.0,10:20,11:05,
572,5.0,38,10:20,5.0,0,1,10:25,7.0,10:25,11:10,
573,5.0,39,10:22,5.0,3,1,10:30,8.0,10:30,11:15,
574,5.0,40,10:28,5.0,2,1,10:35,9.0,10:35,11:20,
575,5.0,41,10:43,5.0,0,1,10:48,0.0,10:48,11:33,
576,5.0,42,10:49,5.0,0,1,10:54,1.0,10:54,11:39,
577,5.0,43,11:01,5.0,0,1,11:06,2.0,11:06,11:51,
578,5.0,44,11:03,5.0,3,1,11:11,3.0,11:11,11:56,
579,5.0,45,11:04,5.0,7,1,11:16,4.0,11:16,12:01,
580,5.0,46,11:05,5.0,11,1,11:21,5.0,11:21,12:06,
581,5.0,47,11:08,5.0,13,1,11:26,6.0,11:26,12:11,
582,5.0,48,11:10,5.0,16,1,11:31,7.0,11:31,12:16,
583,5.0,49,11:15,5.0,16,1,11:36,8.0,11:36,12:21,
584,5.0,50,11:16,5.0,20,1,11:41,9.0,11:41,12:26,
585,5.0,51,11:23,5.0,18,1,11:46,0.0,11:46,12:31,
586,5.0,52,11:34,5.0,12,1,11:51,1.0,11:51,12:36,
587,5.0,53,11:36,5.0,15,1,11:56,2.0,11:56,12:41,
588,5.0,54,11:41,5.0,15,1,12:01,3.0,12:01,12:46,
589,5.0,55,11:46,5.0,15,1,12:06,4.0,12:06,12:51,
590,5.0,56,11:47,5.0,19,1,12:11,5.0,12:11,12:56,
591,5.0,57,11:58,5.0,13,1,12:16,6.0,12:16,13:01,
592,5.0,58,12:00,5.0,16,1,12:21,7.0,12:21,13:06,
593,5.0,59,12:03,5.0,18,1,12:26,8.0,12:26,13:11,
594,5.0,60,12:07,5.0,19,1,12:31,9.0,12:31,13:16,
595,5.0,61,12:08,5.0,23,1,12:36,0.0,12:36,13:21,
596,5.0,62,12:13,5.0,23,1,12:41,1.0,12:41,13:26,
597,5.0,63,12:14,5.0,27,1,12:46,2.0,12:46,13:31,
598,5.0,64,12:21,5.0,25,1,12:51,3.0,12:51,13:36,
599,5.0,65,12:24,5.0,27,1,12:56,4.0,12:56,13:41,
600,5.0,66,12:33,5.0,23,1,13:01,5.0,13:01,13:46,
601,5.0,67,12:34,5.0,27,1,13:06,6.0,13:06,13:51,
602,5.0,68,12:35,5.0,31,1,13:11,7.0,13:11,13:56,
603,5.0,69,12:42,5.0,29,1,13:16,8.0,13:16,14:01,
604,5.0,70,12:44,5.0,32,1,13:21,9.0,13:21,14:06,
605,5.0,71,12:45,5.0,36,1,13:26,0.0,13:26,14:11,
606,5.0,72,12:49,5.0,37,1,13:31,1.0,13:31,14:16,
607,5.0,73,13:00,5.0,31,1,13:36,2.0,13:36,14:21,
608,5.0,74,13:03,5.0,33,1,13:41,3.0,13:41,14:26,
609,5.0,75,13:06,5.0,35,1,13:46,4.0,13:46,14:31,
610,5.0,76,13:10,5.0,36,1,13:51,5.0,13:51,14:36,
611,5.0,77,13:12,5.0,39,1,13:56,6.0,13:56,14:41,
612,5.0,78,13:17,5.0,39,1,14:01,7.0,14:01,14:46,
613,5.0,79,13:20,5.0,41,1,14:06,8.0,14:06,14:51,
614,5.0,80,13:40,5.0,26,1,14:11,9.0,14:11,14:56,
615,5.0,81,13:55,5.0,16,1,14:16,0.0,14:16,15:01,
616,5.0,82,13:56,5.0,20,1,14:21,1.0,14:21,15:06,
617,5.0,83,14:46,5.0,0,1,14:51,2.0,14:51,15:36,
618,5.0,84,14:50,5.0,1,1,14:56,3.0,14:56,15:41,
619,5.0,85,14:51,5.0,5,1,15:01,4.0,15:01,15:46,
620,5.0,86,14:56,5.0,5,1,15:06,5.0,15:06,15:51,
621,5.0,87,14:58,5.0,8,1,15:11,6.0,15:11,15:56,
622,5.0,88,15:19,5.0,0,1,15:24,7.0,15:24,16:09,
623,5.0,89,16:19,5.0,0,1,16:24,8.0,16:24,17:09,
624,5.0,90,16:39,5.0,0,1,16:44,9.0,16:44,17:29,
625,5.0,91,16:43,5.0,1,1,16:49,0.0,16:49,17:34,
626,5.0,92,16:55,5.0,0,1,17:00,1.0,17:00,17:45,
627,5.0,93,16:59,5.0,1,1,17:05,2.0,17:05,17:50,
628,5.0,94,17:04,5.0,1,1,17:10,3.0,17:10,17:55,
629,5.0,95,17:05,5.0,5,1,17:15,4.0,17:15,18:00,
630,5.0,96,17:07,5.0,8,1,17:20,5.0,17:20,18:05,
631,5.0,97,17:14,5.0,6,1,17:25,6.0,17:25,18:10,
632,5.0,98,17:18,5.0,7,1,17:30,7.0,17:30,18:15,
633,5.0,99,17:24,5.0,6,1,17:35,8.0,17:35,18:20,
634,5.0,100,17:30,5.0,5,1,17:40,9.0,17:40,18:25,
635,5.0,101,17:31,5.0,9,1,17:45,0.0,17:45,18:30,
636,5.0,102,17:33,5.0,12,1,17:50,1.0,17:50,18:35,
637,5.0,103,17:34,5.0,16,1,17:55,2.0,17:55,18:40,
638,5.0,104,17:37,5.0,18,1,18:00,3.0,18:00,18:45,
639,5.0,105,17:40,5.0,20,1,18:05,4.0,18:05,18:50,
640,5.0,106,17:44,5.0,21,1,18:10,5.0,18:10,18:55,
641,5.0,107,17:56,5.0,14,1,18:15,6.0,18:15,19:00,
642,5.0,108,18:02,5.0,13,1,18:20,7.0,18:20,19:05,
643,5.0,109,18:09,5.0,11,1,18:25,8.0,18:25,19:10,
644,5.0,110,18:20,5.0,5,1,18:30,9.0,18:30,19:15,
645,5.0,111,18:26,5.0,4,1,18:35,0.0,18:35,19:20,
646,5.0,112,18:30,5.0,5,1,18:40,1.0,18:40,19:25,
647,5.0,113,18:35,5.0,5,1,18:45,2.0,18:45,19:30,
648,5.0,114,18:38,5.0,7,1,18:50,3.0,18:50,19:35,
649,5.0,115,18:41,5.0,9,1,18:55,4.0,18:55,19:40,
650,5.0,116,18:42,5.0,13,1,19:00,5.0,19:00,19:45,
651,5.0,117,18:45,5.0,15,1,19:05,6.0,19:05,19:50,
652,5.0,118,18:50,5.0,15,1,19:10,7.0,19:10,19:55,
653,5.0,119,18:51,5.0,19,1,19:15,8.0,19:15,20:00,
654,5.0,120,18:52,5.0,23,1,19:20,9.0,19:20,20:05,
655,5.0,121,18:57,5.0,23,1,19:25,0.0,19:25,20:10,
656,5.0,122,19:05,5.0,20,1,19:30,1.0,19:30,20:15,
657,5.0,123,19:07,5.0,23,1,19:35,2.0,19:35,20:20,
658,5.0,124,19:23,5.0,12,1,19:40,3.0,19:40,20:25,
659,5.0,125,19:24,5.0,16,1,19:45,4.0,19:45,20:30,
660,5.0,126,19:27,5.0,18,1,19:50,5.0,19:50,20:35,
661,5.0,127,19:32,5.0,18,1,19:55,6.0,19:55,20:40,
662,5.0,128,19:34,5.0,21,1,20:00,7.0,20:00,20:45,
663,5.0,129,19:40,5.0,20,1,20:05,8.0,20:05,20:50,
664,5.0,130,19:42,5.0,23,1,20:10,9.0,20:10,20:55,
665,5.0,131,19:49,5.0,21,1,20:15,0.0,20:15,21:00,
666,5.0,132,20:03,5.0,12,1,20:20,1.0,20:20,21:05,
667,5.0,133,20:07,5.0,13,1,20:25,2.0,20:25,21:10,
668,5.0,134,20:08,5.0,17,1,20:30,3.0,20:30,21:15,
669,5.0,135,20:11,5.0,19,1,20:35,4.0,20:35,21:20,
670,5.0,136,20:13,5.0,22,1,20:40,5.0,20:40,21:25,
671,5.0,137,20:18,5.0,22,1,20:45,6.0,20:45,21:30,
672,5.0,138,20:20,5.0,25,1,20:50,7.0,20:50,21:35,
673,5.0,139,20:22,5.0,28,1,20:55,8.0,20:55,21:40,
674,5.0,140,20:24,5.0,31,1,21:00,9.0,21:00,21:45,
675,5.0,141,20:32,5.0,28,1,21:05,0.0,21:05,21:50,
676,5.0,142,20:34,5.0,31,1,21:10,1.0,21:10,21:55,
677,5.0,143,20:36,5.0,34,1,21:15,2.0,21:15,22:00,
678,5.0,144,20:41,5.0,34,1,21:20,3.0,21:20,22:05,
679,5.0,145,20:42,5.0,38,1,21:25,4.0,21:25,22:10,
680,5.0,146,20:54,5.0,31,1,21:30,5.0,21:30,22:15,
681,5.0,147,21:00,5.0,30,1,21:35,6.0,21:35,22:20,
682,5.0,148,21:22,5.0,13,1,21:40,7.0,21:40,22:25,
683,5.0,149,21:29,5.0,11,1,21:45,8.0,21:45,22:30,
684,5.0,150,21:31,5.0,14,1,21:50,9.0,21:50,22:35,
685,5.0,151,21:38,5.0,12,1,21:55,0.0,21:55,22:40,
686,5.0,152,21:59,5.0,0,1,22:04,1.0,22:04,22:49,
687,5.0,153,22:00,5.0,4,1,22:09,2.0,22:09,22:54,
688,5.0,154,22:06,5.0,3,1,22:14,3.0,22:14,22:59,
689,5.0,155,22:15,5.0,0,1,22:20,4.0,22:20,23:05,
690,5.0,156,22:17,5.0,3,1,22:25,5.0,22:25,23:10,
691,5.0,157,22:19,5.0,6,1,22:30,6.0,22:30,23:15,
692,5.0,158,22:30,5.0,0,1,22:35,7.0,22:35,23:20,
693,5.0,159,22:35,5.0,0,1,22:40,8.0,22:40,23:25,
694,5.0,160,22:41,5.0,0,1,22:46,9.0,22:46,23:31,
695,5.0,161,22:47,5.0,0,1,22:52,0.0,22:52,23:37,
696,5.0,162,22:59,5.0,0,1,23:04,1.0,23:04,23:49,
697,5.0,163,23:17,5.0,0,1,23:22,2.0,23:22,24:07,1.04
698,6.0,1,6:13,5.0,0,1,6:18,0.0,6:18,7:03,
699,6.0,2,6:43,5.0,0,1,6:48,1.0,6:48,7:33,
700,6.0,3,6:47,5.0,1,1,6:53,2.0,6:53,7:38,
701,6.0,4,6:54,5.0,0,1,6:59,3.0,6:59,7:44,
702,6.0,5,7:09,5.0,0,1,7:14,4.0,7:14,7:59,
703,6.0,6,7:19,5.0,0,1,7:24,5.0,7:24,8:09,
704,6.0,7,7:20,5.0,4,1,7:29,6.0,7:29,8:14,
705,6.0,8,7:34,5.0,0,1,7:39,7.0,7:39,8:24,
706,6.0,9,7:43,5.0,0,1,7:48,8.0,7:48,8:33,
707,6.0,10,7:56,5.0,0,1,8:01,9.0,8:01,8:46,
708,6.0,11,8:08,5.0,0,1,8:13,10.0,8:13,8:58,
709,6.0,12,8:09,5.0,4,1,8:18,11.0,8:18,9:03,
710,6.0,13,8:14,5.0,4,1,8:23,12.0,8:23,9:08,
711,6.0,14,8:20,5.0,3,1,8:28,0.0,8:28,9:13,
712,6.0,15,8:24,5.0,4,1,8:33,1.0,8:33,9:18,
713,6.0,16,8:25,5.0,8,1,8:38,2.0,8:38,9:23,
714,6.0,17,8:27,5.0,11,1,8:43,3.0,8:43,9:28,
715,6.0,18,8:40,5.0,3,1,8:48,4.0,8:48,9:33,
716,6.0,19,8:47,5.0,1,1,8:53,5.0,8:53,9:38,
717,6.0,20,8:49,5.0,4,1,8:58,6.0,8:58,9:43,
718,6.0,21,8:52,5.0,6,1,9:03,7.0,9:03,9:48,
719,6.0,22,8:59,5.0,4,1,9:08,8.0,9:08,9:53,
720,6.0,23,9:00,5.0,8,1,9:13,9.0,9:13,9:58,
721,6.0,24,9:04,5.0,9,1,9:18,10.0,9:18,10:03,
722,6.0,25,9:07,5.0,11,1,9:23,11.0,9:23,10:08,
723,6.0,26,9:10,5.0,13,1,9:28,12.0,9:28,10:13,
724,6.0,27,9:27,5.0,1,1,9:33,0.0,9:33,10:18,
725,6.0,28,9:32,5.0,1,1,9:38,1.0,9:38,10:23,
726,6.0,29,9:33,5.0,5,1,9:43,2.0,9:43,10:28,
727,6.0,30,9:42,5.0,1,1,9:48,3.0,9:48,10:33,
728,6.0,31,9:43,5.0,5,1,9:53,4.0,9:53,10:38,
729,6.0,32,9:46,5.0,7,1,9:58,5.0,9:58,10:43,
730,6.0,33,9:53,5.0,5,1,10:03,6.0,10:03,10:48,
731,6.0,34,9:57,5.0,6,1,10:08,7.0,10:08,10:53,
732,6.0,35,10:03,5.0,5,1,10:13,8.0,10:13,10:58,
733,6.0,36,10:07,5.0,6,1,10:18,9.0,10:18,11:03,
734,6.0,37,10:08,5.0,10,1,10:23,10.0,10:23,11:08,
735,6.0,38,10:10,5.0,13,1,10:28,11.0,10:28,11:13,
736,6.0,39,10:18,5.0,10,1,10:33,12.0,10:33,11:18,
737,6.0,40,10:19,5.0,14,1,10:38,0.0,10:38,11:23,
738,6.0,41,10:58,5.0,0,1,11:03,1.0,11:03,11:48,
739,6.0,42,11:06,5.0,0,1,11:11,2.0,11:11,11:56,
740,6.0,43,11:09,5.0,2,1,11:16,3.0,11:16,12:01,
741,6.0,44,11:11,5.0,5,1,11:21,4.0,11:21,12:06,
742,6.0,45,11:13,5.0,8,1,11:26,5.0,11:26,12:11,
743,6.0,46,11:17,5.0,9,1,11:31,6.0,11:31,12:16,
744,6.0,47,11:20,5.0,11,1,11:36,7.0,11:36,12:21,
745,6.0,48,11:24,5.0,12,1,11:41,8.0,11:41,12:26,
746,6.0,49,11:29,5.0,12,1,11:46,9.0,11:46,12:31,
747,6.0,50,11:33,5.0,13,1,11:51,10.0,11:51,12:36,
748,6.0,51,11:34,5.0,17,1,11:56,11.0,11:56,12:41,
749,6.0,52,11:38,5.0,18,1,12:01,12.0,12:01,12:46,
750,6.0,53,11:39,5.0,22,1,12:06,0.0,12:06,12:51,
751,6.0,54,11:41,5.0,25,1,12:11,1.0,12:11,12:56,
752,6.0,55,11:44,5.0,27,1,12:16,2.0,12:16,13:01,
753,6.0,56,11:53,5.0,23,1,12:21,3.0,12:21,13:06,
754,6.0,57,11:59,5.0,22,1,12:26,4.0,12:26,13:11,
755,6.0,58,12:00,5.0,26,1,12:31,5.0,12:31,13:16,
756,6.0,59,12:05,5.0,26,1,12:36,6.0,12:36,13:21,
757,6.0,60,12:06,5.0,30,1,12:41,7.0,12:41,13:26,
758,6.0,61,12:13,5.0,28,1,12:46,8.0,12:46,13:31,
759,6.0,62,12:14,5.0,32,1,12:51,9.0,12:51,13:36,
760,6.0,63,12:19,5.0,32,1,12:56,10.0,12:56,13:41,
761,6.0,64,12:21,5.0,35,1,13:01,11.0,13:01,13:46,
762,6.0,65,12:25,5.0,36,1,13:06,12.0,13:06,13:51,
763,6.0,66,12:32,5.0,34,1,13:11,0.0,13:11,13:56,
764,6.0,67,12:35,5.0,36,1,13:16,1.0,13:16,14:01,
765,6.0,68,12:36,5.0,40,1,13:21,2.0,13:21,14:06,
766,6.0,69,12:42,5.0,39,1,13:26,3.0,13:26,14:11,
767,6.0,70,12:44,5.0,42,1,13:31,4.0,13:31,14:16,
768,6.0,71,12:54,5.0,37,1,13:36,5.0,13:36,14:21,
769,6.0,72,12:58,5.0,38,1,13:41,6.0,13:41,14:26,
770,6.0,73,13:03,5.0,38,1,13:46,7.0,13:46,14:31,
771,6.0,74,13:05,5.0,41,1,13:51,8.0,13:51,14:36,
772,6.0,75,13:07,5.0,44,1,13:56,9.0,13:56,14:41,
773,6.0,76,13:20,5.0,36,1,14:01,10.0,14:01,14:46,
774,6.0,77,13:22,5.0,39,1,14:06,11.0,14:06,14:51,
775,6.0,78,13:23,5.0,43,1,14:11,12.0,14:11,14:56,
776,6.0,79,13:30,5.0,41,1,14:16,0.0,14:16,15:01,
777,6.0,80,13:37,5.0,39,1,14:21,1.0,14:21,15:06,
778,6.0,81,13:45,5.0,36,1,14:26,2.0,14:26,15:11,
779,6.0,82,13:53,5.0,33,1,14:31,3.0,14:31,15:16,
780,6.0,83,14:00,5.0,31,1,14:36,4.0,14:36,15:21,
781,6.0,84,14:07,5.0,29,1,14:41,5.0,14:41,15:26,
782,6.0,85,14:18,5.0,23,1,14:46,6.0,14:46,15:31,
783,6.0,86,14:24,5.0,22,1,14:51,7.0,14:51,15:36,
784,6.0,87,14:26,5.0,25,1,14:56,8.0,14:56,15:41,
785,6.0,88,14:39,5.0,17,1,15:01,9.0,15:01,15:46,
786,6.0,89,14:51,5.0,10,1,15:06,10.0,15:06,15:51,
787,6.0,90,14:52,5.0,14,1,15:11,11.0,15:11,15:56,
788,6.0,91,14:59,5.0,12,1,15:16,12.0,15:16,16:01,
789,6.0,92,15:27,5.0,0,1,15:32,0.0,15:32,16:17,
790,6.0,93,16:14,5.0,0,1,16:19,1.0,16:19,17:04,
791,6.0,94,16:19,5.0,0,1,16:24,2.0,16:24,17:09,
792,6.0,95,16:30,5.0,0,1,16:35,3.0,16:35,17:20,
793,6.0,96,16:43,5.0,0,1,16:48,4.0,16:48,17:33,
794,6.0,97,16:44,5.0,4,1,16:53,5.0,16:53,17:38,
795,6.0,98,16:45,5.0,8,1,16:58,6.0,16:58,17:43,
796,6.0,99,16:46,5.0,12,1,17:03,7.0,17:03,17:48,
797,6.0,100,16:50,5.0,13,1,17:08,8.0,17:08,17:53,
798,6.0,101,17:05,5.0,3,1,17:13,9.0,17:13,17:58,
799,6.0,102,17:10,5.0,3,1,17:18,10.0,17:18,18:03,
800,6.0,103,17:11,5.0,7,1,17:23,11.0,17:23,18:08,
801,6.0,104,17:12,5.0,11,1,17:28,12.0,17:28,18:13,
802,6.0,105,17:16,5.0,12,1,17:33,0.0,17:33,18:18,
803,6.0,106,17:19,5.0,14,1,17:38,1.0,17:38,18:23,
804,6.0,107,17:20,5.0,18,1,17:43,2.0,17:43,18:28,
805,6.0,108,17:22,5.0,21,1,17:48,3.0,17:48,18:33,
806,6.0,109,17:23,5.0,25,1,17:53,4.0,17:53,18:38,
807,6.0,110,17:27,5.0,26,1,17:58,5.0,17:58,18:43,
808,6.0,111,17:28,5.0,30,1,18:03,6.0,18:03,18:48,
809,6.0,112,17:39,5.0,24,1,18:08,7.0,18:08,18:53,
810,6.0,113,17:41,5.0,27,1,18:13,8.0,18:13,18:58,
811,6.0,114,17:43,5.0,30,1,18:18,9.0,18:18,19:03,
812,6.0,115,17:48,5.0,30,1,18:23,10.0,18:23,19:08,
813,6.0,116,18:01,5.0,22,1,18:28,11.0,18:28,19:13,
814,6.0,117,18:03,5.0,25,1,18:33,12.0,18:33,19:18,
815,6.0,118,18:04,5.0,29,1,18:38,0.0,18:38,19:23,
816,6.0,119,18:06,5.0,32,1,18:43,1.0,18:43,19:28,
817,6.0,120,18:13,5.0,30,1,18:48,2.0,18:48,19:33,
818,6.0,121,18:19,5.0,29,1,18:53,3.0,18:53,19:38,
819,6.0,122,18:24,5.0,29,1,18:58,4.0,18:58,19:43,
820,6.0,123,18:25,5.0,33,1,19:03,5.0,19:03,19:48,
821,6.0,124,18:27,5.0,36,1,19:08,6.0,19:08,19:53,
822,6.0,125,18:31,5.0,37,1,19:13,7.0,19:13,19:58,
823,6.0,126,18:35,5.0,38,1,19:18,8.0,19:18,20:03,
824,6.0,127,18:40,5.0,38,1,19:23,9.0,19:23,20:08,
825,6.0,128,18:42,5.0,41,1,19:28,10.0,19:28,20:13,
826,6.0,129,18:44,5.0,44,1,19:33,11.0,19:33,20:18,
827,6.0,130,18:46,5.0,47,1,19:38,12.0,19:38,20:23,
828,6.0,131,18:49,5.0,49,1,19:43,0.0,19:43,20:28,
829,6.0,132,19:06,5.0,37,1,19:48,1.0,19:48,20:33,
830,6.0,133,19:07,5.0,41,1,19:53,2.0,19:53,20:38,
831,6.0,134,19:10,5.0,43,1,19:58,3.0,19:58,20:43,
832,6.0,135,19:12,5.0,46,1,20:03,4.0,20:03,20:48,
833,6.0,136,19:16,5.0,47,1,20:08,5.0,20:08,20:53,
834,6.0,137,19:37,5.0,31,1,20:13,6.0,20:13,20:58,
835,6.0,138,19:40,5.0,33,1,20:18,7.0,20:18,21:03,
836,6.0,139,19:45,5.0,33,1,20:23,8.0,20:23,21:08,
837,6.0,140,19:48,5.0,35,1,20:28,9.0,20:28,21:13,
838,6.0,141,19:49,5.0,39,1,20:33,10.0,20:33,21:18,
839,6.0,142,20:01,5.0,32,1,20:38,11.0,20:38,21:23,
840,6.0,143,20:10,5.0,28,1,20:43,12.0,20:43,21:28,
841,6.0,144,20:15,5.0,28,1,20:48,0.0,20:48,21:33,
842,6.0,145,20:18,5.0,30,1,20:53,1.0,20:53,21:38,
843,6.0,146,20:21,5.0,32,1,20:58,2.0,20:58,21:43,
844,6.0,147,20:22,5.0,36,1,21:03,3.0,21:03,21:48,
845,6.0,148,20:24,5.0,39,1,21:08,4.0,21:08,21:53,
846,6.0,149,20:27,5.0,41,1,21:13,5.0,21:13,21:58,
847,6.0,150,20:33,5.0,40,1,21:18,6.0,21:18,22:03,
848,6.0,151,20:36,5.0,42,1,21:23,7.0,21:23,22:08,
849,6.0,152,20:37,5.0,46,1,21:28,8.0,21:28,22:13,
850,6.0,153,20:41,5.0,47,1,21:33,9.0,21:33,22:18,
851,6.0,154,20:43,5.0,50,1,21:38,10.0,21:38,22:23,
852,6.0,155,20:47,5.0,51,1,21:43,11.0,21:43,22:28,
853,6.0,156,20:54,5.0,49,1,21:48,12.0,21:48,22:33,
854,6.0,157,20:55,5.0,53,1,21:53,0.0,21:53,22:38,
855,6.0,158,21:00,5.0,53,1,21:58,1.0,21:58,22:43,
856,6.0,159,21:04,5.0,54,1,22:03,2.0,22:03,22:48,
857,6.0,160,21:06,5.0,57,1,22:08,3.0,22:08,22:53,
858,6.0,161,21:11,5.0,57,1,22:13,4.0,22:13,22:58,
859,6.0,162,21:15,5.0,58,1,22:18,5.0,22:18,23:03,
860,6.0,163,21:16,5.0,62,1,22:23,6.0,22:23,23:08,
861,6.0,164,21:18,5.0,65,1,22:28,7.0,22:28,23:13,
862,6.0,165,21:35,5.0,53,1,22:33,8.0,22:33,23:18,
863,6.0,166,21:52,5.0,41,1,22:38,9.0,22:38,23:23,
864,6.0,167,22:02,5.0,36,1,22:43,10.0,22:43,23:28,
865,6.0,168,22:12,5.0,31,1,22:48,11.0,22:48,23:33,
866,6.0,169,22:24,5.0,24,1,22:53,12.0,22:53,23:38,
867,6.0,170,22:37,5.0,16,1,22:58,0.0,22:58,23:43,
868,6.0,171,22:43,5.0,15,1,23:03,1.0,23:03,23:48,
869,6.0,172,22:53,5.0,10,1,23:08,2.0,23:08,23:53,
870,6.0,173,22:54,5.0,14,1,23:13,3.0,23:13,23:58,
871,6.0,174,23:32,5.0,0,1,23:37,4.0,23:37,24:22,
872,6.0,175,23:38,5.0,0,1,23:43,5.0,23:43,24:28,1.10
873,7.0,1,6:10,5.0,0,1,6:15,0.0,6:15,7:00,
874,7.0,2,6:24,5.0,0,1,6:29,1.0,6:29,7:14,
875,7.0,3,7:04,5.0,0,1,7:09,2.0,7:09,7:54,
876,7.0,4,7:09,5.0,0,1,7:14,3.0,7:14,7:59,
877,7.0,5,7:19,5.0,0,1,7:24,4.0,7:24,8:09,
878,7.0,6,7:24,5.0,0,1,7:29,5.0,7:29,8:14,
879,7.0,7,7:27,5.0,2,1,7:34,6.0,7:34,8:19,
880,7.0,8,7:31,5.0,3,1,7:39,7.0,7:39,8:24,
881,7.0,9,7:32,5.0,7,1,7:44,8.0,7:44,8:29,
882,7.0,10,7:34,5.0,10,1,7:49,9.0,7:49,8:34,
883,7.0,11,7:35,5.0,14,1,7:54,0.0,7:54,8:39,
884,7.0,12,7:42,5.0,12,1,7:59,1.0,7:59,8:44,
885,7.0,13,7:45,5.0,14,1,8:04,2.0,8:04,8:49,
886,7.0,14,7:53,5.0,11,1,8:09,3.0,8:09,8:54,
887,7.0,15,8:00,5.0,9,1,8:14,4.0,8:14,8:59,
888,7.0,16,8:06,5.0,8,1,8:19,5.0,8:19,9:04,
889,7.0,17,8:16,5.0,3,1,8:24,6.0,8:24,9:09,
890,7.0,18,8:17,5.0,7,1,8:29,7.0,8:29,9:14,
891,7.0,19,8:34,5.0,0,1,8:39,8.0,8:39,9:24,
892,7.0,20,8:35,5.0,4,1,8:44,9.0,8:44,9:29,
893,7.0,21,8:36,5.0,8,1,8:49,0.0,8:49,9:34,
894,7.0,22,8:38,5.0,11,1,8:54,1.0,8:54,9:39,
895,7.0,23,8:41,5.0,13,1,8:59,2.0,8:59,9:44,
896,7.0,24,8:43,5.0,16,1,9:04,3.0,9:04,9:49,
897,7.0,25,8:50,5.0,14,1,9:09,4.0,9:09,9:54,
898,7.0,26,8:52,5.0,17,1,9:14,5.0,9:14,9:59,
899,7.0,27,8:57,5.0,17,1,9:19,6.0,9:19,10:04,
900,7.0,28,8:58,5.0,21,1,9:24,7.0,9:24,10:09,
901,7.0,29,9:03,5.0,21,1,9:29,8.0,9:29,10:14,
902,7.0,30,9:13,5.0,16,1,9:34,9.0,9:34,10:19,
903,7.0,31,9:17,5.0,17,1,9:39,0.0,9:39,10:24,
904,7.0,32,9:25,5.0,14,1,9:44,1.0,9:44,10:29,
905,7.0,33,9:44,5.0,0,1,9:49,2.0,9:49,10:34,
906,7.0,34,9:49,5.0,0,1,9:54,3.0,9:54,10:39,
907,7.0,35,9:56,5.0,0,1,10:01,4.0,10:01,10:46,
908,7.0,36,9:58,5.0,3,1,10:06,5.0,10:06,10:51,
909,7.0,37,9:59,5.0,7,1,10:11,6.0,10:11,10:56,
910,7.0,38,10:05,5.0,6,1,10:16,7.0,10:16,11:01,
911,7.0,39,10:07,5.0,9,1,10:21,8.0,10:21,11:06,
912,7.0,40,10:09,5.0,12,1,10:26,9.0,10:26,11:11,
913,7.0,41,10:18,5.0,8,1,10:31,0.0,10:31,11:16,
914,7.0,42,10:19,5.0,12,1,10:36,1.0,10:36,11:21,
915,7.0,43,10:25,5.0,11,1,10:41,2.0,10:41,11:26,
916,7.0,44,10:32,5.0,9,1,10:46,3.0,10:46,11:31,
917,7.0,45,10:34,5.0,12,1,10:51,4.0,10:51,11:36,
918,7.0,46,10:37,5.0,14,1,10:56,5.0,10:56,11:41,
919,7.0,47,10:45,5.0,11,1,11:01,6.0,11:01,11:46,
920,7.0,48,10:52,5.0,9,1,11:06,7.0,11:06,11:51,
921,7.0,49,10:59,5.0,7,1,11:11,8.0,11:11,11:56,
922,7.0,50,11:06,5.0,5,1,11:16,9.0,11:16,12:01,
923,7.0,51,11:07,5.0,9,1,11:21,0.0,11:21,12:06,
924,7.0,52,11:14,5.0,7,1,11:26,1.0,11:26,12:11,
925,7.0,53,11:19,5.0,7,1,11:31,2.0,11:31,12:16,
926,7.0,54,11:20,5.0,11,1,11:36,3.0,11:36,12:21,
927,7.0,55,11:22,5.0,14,1,11:41,4.0,11:41,12:26,
928,7.0,56,11:24,5.0,17,1,11:46,5.0,11:46,12:31,
929,7.0,57,11:31,5.0,15,1,11:51,6.0,11:51,12:36,
930,7.0,58,11:33,5.0,18,1,11:56,7.0,11:56,12:41,
931,7.0,59,11:37,5.0,19,1,12:01,8.0,12:01,12:46,
932,7.0,60,11:38,5.0,23,1,12:06,9.0,12:06,12:51,
933,7.0,61,11:45,5.0,21,1,12:11,0.0,12:11,12:56,
934,7.0,62,11:50,5.0,21,1,12:16,1.0,12:16,13:01,
935,7.0,63,11:55,5.0,21,1,12:21,2.0,12:21,13:06,
936,7.0,64,11:56,5.0,25,1,12:26,3.0,12:26,13:11,
937,7.0,65,11:59,5.0,27,1,12:31,4.0,12:31,13:16,
938,7.0,66,12:06,5.0,25,1,12:36,5.0,12:36,13:21,
939,7.0,67,12:09,5.0,27,1,12:41,6.0,12:41,13:26,
940,7.0,68,12:10,5.0,31,1,12:46,7.0,12:46,13:31,
941,7.0,69,12:12,5.0,34,1,12:51,8.0,12:51,13:36,
942,7.0,70,12:21,5.0,30,1,12:56,9.0,12:56,13:41,
943,7.0,71,12:31,5.0,25,1,13:01,0.0,13:01,13:46,
944,7.0,72,12:34,5.0,27,1,13:06,1.0,13:06,13:51,
945,7.0,73,12:39,5.0,27,1,13:11,2.0,13:11,13:56,
946,7.0,74,12:45,5.0,26,1,13:16,3.0,13:16,14:01,
947,7.0,75,12:46,5.0,30,1,13:21,4.0,13:21,14:06,
948,7.0,76,12:51,5.0,30,1,13:26,5.0,13:26,14:11,
949,7.0,77,12:54,5.0,32,1,13:31,6.0,13:31,14:16,
950,7.0,78,13:01,5.0,30,1,13:36,7.0,13:36,14:21,
951,7.0,79,13:04,5.0,32,1,13:41,8.0,13:41,14:26,
952,7.0,80,13:07,5.0,34,1,13:46,9.0,13:46,14:31,
953,7.0,81,13:09,5.0,37,1,13:51,0.0,13:51,14:36,
954,7.0,82,13:15,5.0,36,1,13:56,1.0,13:56,14:41,
955,7.0,83,13:24,5.0,32,1,14:01,2.0,14:01,14:46,
956,7.0,84,13:33,5.0,28,1,14:06,3.0,14:06,14:51,
957,7.0,85,13:44,5.0,22,1,14:11,4.0,14:11,14:56,
958,7.0,86,13:56,5.0,15,1,14:16,5.0,14:16,15:01,
959,7.0,87,13:58,5.0,18,1,14:21,6.0,14:21,15:06,
960,7.0,88,14:02,5.0,19,1,14:26,7.0,14:26,15:11,
961,7.0,89,14:09,5.0,17,1,14:31,8.0,14:31,15:16,
962,7.0,90,14:10,5.0,21,1,14:36,9.0,14:36,15:21,
963,7.0,91,14:30,5.0,6,1,14:41,0.0,14:41,15:26,
964,7.0,92,14:39,5.0,2,1,14:46,1.0,14:46,15:31,
965,7.0,93,14:47,5.0,0,1,14:52,2.0,14:52,15:37,
966,7.0,94,14:48,5.0,4,1,14:57,3.0,14:57,15:42,
967,7.0,95,14:54,5.0,3,1,15:02,4.0,15:02,15:47,
968,7.0,96,14:55,5.0,7,1,15:07,5.0,15:07,15:52,
969,7.0,97,14:58,5.0,9,1,15:12,6.0,15:12,15:57,
970,7.0,98,15:02,5.0,10,1,15:17,7.0,15:17,16:02,
971,7.0,99,15:12,5.0,5,1,15:22,8.0,15:22,16:07,
972,7.0,100,15:16,5.0,6,1,15:27,9.0,15:27,16:12,
973,7.0,101,15:35,5.0,0,1,15:40,0.0,15:40,16:25,
974,7.0,102,15:39,5.0,1,1,15:45,1.0,15:45,16:30,
975,7.0,103,15:54,5.0,0,1,15:59,2.0,15:59,16:44,
976,7.0,104,15:59,5.0,0,1,16:04,3.0,16:04,16:49,
977,7.0,105,16:01,5.0,3,1,16:09,4.0,16:09,16:54,
978,7.0,106,16:03,5.0,6,1,16:14,5.0,16:14,16:59,
979,7.0,107,16:05,5.0,9,1,16:19,6.0,16:19,17:04,
980,7.0,108,16:08,5.0,11,1,16:24,7.0,16:24,17:09,
981,7.0,109,16:11,5.0,13,1,16:29,8.0,16:29,17:14,
982,7.0,110,16:25,5.0,4,1,16:34,9.0,16:34,17:19,
983,7.0,111,16:27,5.0,7,1,16:39,0.0,16:39,17:24,
984,7.0,112,16:29,5.0,10,1,16:44,1.0,16:44,17:29,
985,7.0,113,16:51,5.0,0,1,16:56,2.0,16:56,17:41,
986,7.0,114,16:52,5.0,4,1,17:01,3.0,17:01,17:46,
987,7.0,115,16:53,5.0,8,1,17:06,4.0,17:06,17:51,
988,7.0,116,17:02,5.0,4,1,17:11,5.0,17:11,17:56,
989,7.0,117,17:11,5.0,0,1,17:16,6.0,17:16,18:01,
990,7.0,118,17:12,5.0,4,1,17:21,7.0,17:21,18:06,
991,7.0,119,17:19,5.0,2,1,17:26,8.0,17:26,18:11,
992,7.0,120,17:22,5.0,4,1,17:31,9.0,17:31,18:16,
993,7.0,121,17:23,5.0,8,1,17:36,0.0,17:36,18:21,
994,7.0,122,17:24,5.0,12,1,17:41,1.0,17:41,18:26,
995,7.0,123,17:30,5.0,11,1,17:46,2.0,17:46,18:31,
996,7.0,124,17:32,5.0,14,1,17:51,3.0,17:51,18:36,
997,7.0,125,17:35,5.0,16,1,17:56,4.0,17:56,18:41,
998,7.0,126,17:40,5.0,16,1,18:01,5.0,18:01,18:46,
999,7.0,127,17:41,5.0,20,1,18:06,6.0,18:06,18:51,
1000,7.0,128,17:48,5.0,18,1,18:11,7.0,18:11,18:56,
1001,7.0,129,17:55,5.0,16,1,18:16,8.0,18:16,19:01,
1002,7.0,130,17:57,5.0,19,1,18:21,9.0,18:21,19:06,
1003,7.0,131,17:58,5.0,23,1,18:26,0.0,18:26,19:11,
1004,7.0,132,18:02,5.0,24,1,18:31,1.0,18:31,19:16,
1005,7.0,133,18:06,5.0,25,1,18:36,2.0,18:36,19:21,
1006,7.0,134,18:07,5.0,29,1,18:41,3.0,18:41,19:26,
1007,7.0,135,18:10,5.0,31,1,18:46,4.0,18:46,19:31,
1008,7.0,136,18:23,5.0,23,1,18:51,5.0,18:51,19:36,
1009,7.0,137,18:24,5.0,27,1,18:56,6.0,18:56,19:41,
1010,7.0,138,18:25,5.0,31,1,19:01,7.0,19:01,19:46,
1011,7.0,139,18:29,5.0,32,1,19:06,8.0,19:06,19:51,
1012,7.0,140,18:32,5.0,34,1,19:11,9.0,19:11,19:56,
1013,7.0,141,18:33,5.0,38,1,19:16,0.0,19:16,20:01,
1014,7.0,142,18:34,5.0,42,1,19:21,1.0,19:21,20:06,
1015,7.0,143,18:37,5.0,44,1,19:26,2.0,19:26,20:11,
1016,7.0,144,18:39,5.0,47,1,19:31,3.0,19:31,20:16,
1017,7.0,145,18:44,5.0,47,1,19:36,4.0,19:36,20:21,
1018,7.0,146,18:50,5.0,46,1,19:41,5.0,19:41,20:26,
1019,7.0,147,19:05,5.0,36,1,19:46,6.0,19:46,20:31,
1020,7.0,148,19:14,5.0,32,1,19:51,7.0,19:51,20:36,
1021,7.0,149,19:16,5.0,35,1,19:56,8.0,19:56,20:41,
1022,7.0,150,19:18,5.0,38,1,20:01,9.0,20:01,20:46,
1023,7.0,151,19:20,5.0,41,1,20:06,0.0,20:06,20:51,
1024,7.0,152,19:24,5.0,42,1,20:11,1.0,20:11,20:56,
1025,7.0,153,19:37,5.0,34,1,20:16,2.0,20:16,21:01,
1026,7.0,154,19:57,5.0,19,1,20:21,3.0,20:21,21:06,
1027,7.0,155,19:59,5.0,22,1,20:26,4.0,20:26,21:11,
1028,7.0,156,20:01,5.0,25,1,20:31,5.0,20:31,21:16,
1029,7.0,157,20:03,5.0,28,1,20:36,6.0,20:36,21:21,
1030,7.0,158,20:06,5.0,30,1,20:41,7.0,20:41,21:26,
1031,7.0,159,20:10,5.0,31,1,20:46,8.0,20:46,21:31,
1032,7.0,160,20:12,5.0,34,1,20:51,9.0,20:51,21:36,
1033,7.0,161,20:13,5.0,38,1,20:56,0.0,20:56,21:41,
1034,7.0,162,20:17,5.0,39,1,21:01,1.0,21:01,21:46,
1035,7.0,163,20:23,5.0,38,1,21:06,2.0,21:06,21:51,
1036,7.0,164,20:28,5.0,38,1,21:11,3.0,21:11,21:56,
1037,7.0,165,20:30,5.0,41,1,21:16,4.0,21:16,22:01,
1038,7.0,166,20:42,5.0,34,1,21:21,5.0,21:21,22:06,
1039,7.0,167,20:46,5.0,35,1,21:26,6.0,21:26,22:11,
1040,7.0,168,20:50,5.0,36,1,21:31,7.0,21:31,22:16,
1041,7.0,169,20:52,5.0,39,1,21:36,8.0,21:36,22:21,
1042,7.0,170,20:57,5.0,39,1,21:41,9.0,21:41,22:26,
1043,7.0,171,20:59,5.0,42,1,21:46,0.0,21:46,22:31,
1044,7.0,172,21:06,5.0,40,1,21:51,1.0,21:51,22:36,
1045,7.0,173,21:08,5.0,43,1,21:56,2.0,21:56,22:41,
1046,7.0,174,21:16,5.0,40,1,22:01,3.0,22:01,22:46,
1047,7.0,175,21:17,5.0,44,1,22:06,4.0,22:06,22:51,
1048,7.0,176,21:26,5.0,40,1,22:11,5.0,22:11,22:56,
1049,7.0,177,21:40,5.0,31,1,22:16,6.0,22:16,23:01,
1050,7.0,178,21:44,5.0,32,1,22:21,7.0,22:21,23:06,
1051,7.0,179,21:49,5.0,32,1,22:26,8.0,22:26,23:11,
1052,7.0,180,21:50,5.0,36,1,22:31,9.0,22:31,23:16,
1053,7.0,181,21:54,5.0,37,1,22:36,0.0,22:36,23:21,
1054,7.0,182,21:58,5.0,38,1,22:41,1.0,22:41,23:26,
1055,7.0,183,22:09,5.0,32,1,22:46,2.0,22:46,23:31,
1056,7.0,184,22:12,5.0,34,1,22:51,3.0,22:51,23:36,
1057,7.0,185,22:17,5.0,34,1,22:56,4.0,22:56,23:41,
1058,7.0,186,22:25,5.0,31,1,23:01,5.0,23:01,23:46,
1059,7.0,187,22:26,5.0,35,1,23:06,6.0,23:06,23:51,
1060,7.0,188,22:35,5.0,31,1,23:11,7.0,23:11,23:56,
1061,7.0,189,22:36,5.0,35,1,23:16,8.0,23:16,24:01,
1062,7.0,190,22:40,5.0,36,1,23:21,9.0,23:21,24:06,
1063,7.0,191,22:53,5.0,28,1,23:26,0.0,23:26,24:11,
1064,7.0,192,23:11,5.0,15,1,23:31,1.0,23:31,24:16,
1065,7.0,193,23:22,5.0,9,1,23:36,2.0,23:36,24:21,
1066,7.0,194,23:24,5.0,12,1,23:41,3.0,23:41,24:26,
1067,7.0,195,23:29,5.0,12,1,23:46,4.0,23:46,24:31,
1068,7.0,196,23:35,5.0,11,1,23:51,5.0,23:51,24:36,1.26
1069,8.0,1,6:32,5.0,0,1,6:37,0.0,6:37,7:22,
1070,8.0,2,7:31,5.0,0,1,7:36,1.0,7:36,8:21,
1071,8.0,3,7:44,5.0,0,1,7:49,2.0,7:49,8:34,
1072,8.0,4,8:06,5.0,0,1,8:11,3.0,8:11,8:56,
1073,8.0,5,8:10,5.0,1,1,8:16,4.0,8:16,9:01,
1074,8.0,6,8:14,5.0,2,1,8:21,5.0,8:21,9:06,
1075,8.0,7,8:15,5.0,6,1,8:26,6.0,8:26,9:11,
1076,8.0,8,8:25,5.0,1,1,8:31,7.0,8:31,9:16,
1077,8.0,9,8:26,5.0,5,1,8:36,0.0,8:36,9:21,
1078,8.0,10,8:33,5.0,3,1,8:41,1.0,8:41,9:26,
1079,8.0,11,8:48,5.0,0,1,8:53,2.0,8:53,9:38,
1080,8.0,12,8:56,5.0,0,1,9:01,3.0,9:01,9:46,
1081,8.0,13,9:31,5.0,0,1,9:36,4.0,9:36,10:21,
1082,8.0,14,9:48,5.0,0,1,9:53,5.0,9:53,10:38,
1083,8.0,15,10:09,5.0,0,1,10:14,6.0,10:14,10:59,
1084,8.0,16,10:22,5.0,0,1,10:27,7.0,10:27,11:12,
1085,8.0,17,10:38,5.0,0,1,10:43,0.0,10:43,11:28,
1086,8.0,18,11:05,5.0,0,1,11:10,1.0,11:10,11:55,
1087,8.0,19,11:07,5.0,3,1,11:15,2.0,11:15,12:00,
1088,8.0,20,11:13,5.0,2,1,11:20,3.0,11:20,12:05,
1089,8.0,21,11:23,5.0,0,1,11:28,4.0,11:28,12:13,
1090,8.0,22,11:24,5.0,4,1,11:33,5.0,11:33,12:18,
1091,8.0,23,11:26,5.0,7,1,11:38,6.0,11:38,12:23,
1092,8.0,24,11:27,5.0,11,1,11:43,7.0,11:43,12:28,
1093,8.0,25,11:31,5.0,12,1,11:48,0.0,11:48,12:33,
1094,8.0,26,11:50,5.0,5,1,12:00,1.0,12:00,12:45,
1095,8.0,27,11:57,5.0,3,1,12:05,2.0,12:05,12:50,
1096,8.0,28,12:09,5.0,0,1,12:14,3.0,12:14,12:59,
1097,8.0,29,12:18,5.0,0,1,12:23,4.0,12:23,13:08,
1098,8.0,30,12:24,5.0,0,1,12:29,5.0,12:29,13:14,
1099,8.0,31,12:35,5.0,0,1,12:40,6.0,12:40,13:25,
1100,8.0,32,12:58,5.0,0,1,13:03,7.0,13:03,13:48,
1101,8.0,33,13:22,5.0,0,1,13:27,0.0,13:27,14:12,
1102,8.0,34,13:48,5.0,0,1,13:53,1.0,13:53,14:38,
1103,8.0,35,13:49,5.0,4,1,13:58,2.0,13:58,14:43,
1104,8.0,36,14:05,5.0,0,1,14:10,3.0,14:10,14:55,
1105,8.0,37,14:11,5.0,0,1,14:16,4.0,14:16,15:01,
1106,8.0,38,14:28,5.0,0,1,14:33,5.0,14:33,15:18,
1107,8.0,39,14:50,5.0,0,1,14:55,6.0,14:55,15:40,
1108,8.0,40,14:54,5.0,1,1,15:00,7.0,15:00,15:45,
1109,8.0,41,15:04,5.0,0,1,15:09,0.0,15:09,15:54,
1110,8.0,42,15:54,5.0,0,1,15:59,1.0,15:59,16:44,
1111,8.0,43,16:34,5.0,0,1,16:39,2.0,16:39,17:24,
1112,8.0,44,16:45,5.0,0,1,16:50,3.0,16:50,17:35,
1113,8.0,45,16:58,5.0,0,1,17:03,4.0,17:03,17:48,
1114,8.0,46,17:00,5.0,3,1,17:08,5.0,17:08,17:53,
1115,8.0,47,17:08,5.0,0,1,17:13,6.0,17:13,17:58,
1116,8.0,48,17:15,5.0,0,1,17:20,7.0,17:20,18:05,
1117,8.0,49,17:21,5.0,0,1,17:26,0.0,17:26,18:11,
1118,8.0,50,17:53,5.0,0,1,17:58,1.0,17:58,18:43,
1119,8.0,51,18:03,5.0,0,1,18:08,2.0,18:08,18:53,
1120,8.0,52,18:11,5.0,0,1,18:16,3.0,18:16,19:01,
1121,8.0,53,18:12,5.0,4,1,18:21,4.0,18:21,19:06,
1122,8.0,54,18:27,5.0,0,1,18:32,5.0,18:32,19:17,
1123,8.0,55,18:37,5.0,0,1,18:42,6.0,18:42,19:27,
1124,8.0,56,18:39,5.0,3,1,18:47,7.0,18:47,19:32,
1125,8.0,57,18:45,5.0,2,1,18:52,0.0,18:52,19:37,
1126,8.0,58,18:46,5.0,6,1,18:57,1.0,18:57,19:42,
1127,8.0,59,18:57,5.0,0,1,19:02,2.0,19:02,19:47,
1128,8.0,60,19:32,5.0,0,1,19:37,3.0,19:37,20:22,
1129,8.0,61,19:44,5.0,0,1,19:49,4.0,19:49,20:34,
1130,8.0,62,19:50,5.0,0,1,19:55,5.0,19:55,20:40,
1131,8.0,63,20:08,5.0,0,1,20:13,6.0,20:13,20:58,
1132,8.0,64,20:12,5.0,1,1,20:18,7.0,20:18,21:03,
1133,8.0,65,20:17,5.0,1,1,20:23,0.0,20:23,21:08,
1134,8.0,66,20:20,5.0,3,1,20:28,1.0,20:28,21:13,
1135,8.0,67,20:27,5.0,1,1,20:33,2.0,20:33,21:18,
1136,8.0,68,20:39,5.0,0,1,20:44,3.0,20:44,21:29,
1137,8.0,69,20:46,5.0,0,1,20:51,4.0,20:51,21:36,
1138,8.0,70,20:48,5.0,3,1,20:56,5.0,20:56,21:41,
1139,8.0,71,20:55,5.0,3,1,21:03,6.0,21:03,21:48,
1140,8.0,72,21:06,5.0,0,1,21:11,7.0,21:11,21:56,
1141,8.0,73,21:12,5.0,0,1,21:17,0.0,21:17,22:02,
1142,8.0,74,21:18,5.0,0,1,21:23,1.0,21:23,22:08,
1143,8.0,75,21:29,5.0,0,1,21:34,2.0,21:34,22:19,
1144,8.0,76,21:40,5.0,0,1,21:45,3.0,21:45,22:30,
1145,8.0,77,22:06,5.0,0,1,22:11,4.0,22:11,22:56,
1146,8.0,78,22:34,5.0,0,1,22:39,5.0,22:39,23:24,
1147,8.0,79,22:55,5.0,0,1,23:00,6.0,23:00,23:45,
1148,8.0,80,23:39,5.0,0,1,23:44,7.0,23:44,24:29,
1149,8.0,81,23:48,5.0,0,1,23:53,0.0,23:53,24:38,0.51
1150,9.0,1,6:09,5.0,0,1,6:14,0.0,6:14,6:59,
1151,9.0,2,6:55,5.0,0,1,7:00,1.0,7:00,7:45,
1152,9.0,3,7:16,5.0,0,1,7:21,2.0,7:21,8:06,
1153,9.0,4,7:26,5.0,0,1,7:31,3.0,7:31,8:16,
1154,9.0,5,7:55,5.0,0,1,8:00,4.0,8:00,8:45,
1155,9.0,6,8:03,5.0,0,1,8:08,0.0,8:08,8:53,
1156,9.0,7,8:06,5.0,2,1,8:13,1.0,8:13,8:58,
1157,9.0,8,8:08,5.0,5,1,8:18,2.0,8:18,9:03,
1158,9.0,9,8:18,5.0,0,1,8:23,3.0,8:23,9:08,
1159,9.0,10,8:42,5.0,3,1,8:50,4.0,8:50,9:35,
1160,9.0,11,9:31,5.0,0,1,9:36,0.0,9:36,10:21,
1161,9.0,12,9:45,5.0,0,1,9:50,1.0,9:50,10:35,
1162,9.0,13,10:15,5.0,0,1,10:20,2.0,10:20,11:05,
1163,9.0,14,10:16,5.0,4,1,10:25,3.0,10:25,11:10,
1164,9.0,15,10:23,5.0,2,1,10:30,4.0,10:30,11:15,
1165,9.0,16,11:02,5.0,0,1,11:07,0.0,11:07,11:52,
1166,9.0,17,11:09,5.0,0,1,11:14,1.0,11:14,11:59,
1167,9.0,18,11:11,5.0,3,1,11:19,2.0,11:19,12:04,
1168,9.0,19,11:35,5.0,0,1,11:40,3.0,11:40,12:25,
1169,9.0,20,11:59,5.0,0,1,12:04,4.0,12:04,12:49,
1170,9.0,21,12:18,5.0,0,1,12:23,0.0,12:23,13:08,
1171,9.0,22,12:20,5.0,3,1,12:28,1.0,12:28,13:13,
1172,9.0,23,12:21,5.0,7,1,12:33,2.0,12:33,13:18,
1173,9.0,24,12:27,5.0,6,1,12:38,3.0,12:38,13:23,
1174,9.0,25,12:32,5.0,17,1,12:54,4.0,12:54,13:39,
1175,9.0,26,12:41,5.0,27,1,13:13,0.0,13:13,13:58,
1176,9.0,27,12:42,5.0,31,1,13:18,1.0,13:18,14:03,
1177,9.0,28,12:51,5.0,27,1,13:23,2.0,13:23,14:08,
1178,9.0,29,12:52,5.0,31,1,13:28,3.0,13:28,14:13,
1179,9.0,30,12:59,5.0,40,1,13:44,4.0,13:44,14:29,
1180,9.0,31,13:07,5.0,51,1,14:03,0.0,14:03,14:48,
1181,9.0,32,13:10,5.0,53,1,14:08,1.0,14:08,14:53,
1182,9.0,33,13:37,5.0,31,1,14:13,2.0,14:13,14:58,
1183,9.0,34,14:07,5.0,6,1,14:18,3.0,14:18,15:03,
1184,9.0,35,14:38,5.0,0,1,14:43,4.0,14:43,15:28,
1185,9.0,36,15:59,5.0,0,1,16:04,0.0,16:04,16:49,
1186,9.0,37,16:27,5.0,0,1,16:32,1.0,16:32,17:17,
1187,9.0,38,16:40,5.0,0,1,16:45,2.0,16:45,17:30,
1188,9.0,39,16:45,5.0,0,1,16:50,3.0,16:50,17:35,
1189,9.0,40,16:59,5.0,0,1,17:04,4.0,17:04,17:49,
1190,9.0,41,17:02,5.0,2,1,17:09,0.0,17:09,17:54,
1191,9.0,42,17:16,5.0,1,1,17:22,1.0,17:22,18:07,
1192,9.0,43,17:25,5.0,5,1,17:35,2.0,17:35,18:20,
1193,9.0,44,17:38,5.0,0,1,17:43,3.0,17:43,18:28,
1194,9.0,45,17:49,5.0,0,1,17:54,4.0,17:54,18:39,
1195,9.0,46,18:02,5.0,0,1,18:07,0.0,18:07,18:52,
1196,9.0,47,18:07,5.0,0,1,18:12,1.0,18:12,18:57,
1197,9.0,48,18:11,5.0,9,1,18:25,2.0,18:25,19:10,
1198,9.0,49,18:17,5.0,11,1,18:33,3.0,18:33,19:18,
1199,9.0,50,18:19,5.0,20,1,18:44,4.0,18:44,19:29,
1200,9.0,51,18:21,5.0,31,1,18:57,0.0,18:57,19:42,
1201,9.0,52,18:25,5.0,32,1,19:02,1.0,19:02,19:47,
1202,9.0,53,18:36,5.0,34,1,19:15,2.0,19:15,20:00,
1203,9.0,54,18:56,5.0,22,1,19:23,3.0,19:23,20:08,
1204,9.0,55,19:08,5.0,21,1,19:34,4.0,19:34,20:19,
1205,9.0,56,19:44,5.0,0,1,19:49,0.0,19:49,20:34,
1206,9.0,57,20:18,5.0,0,1,20:23,1.0,20:23,21:08,
1207,9.0,58,20:21,5.0,2,1,20:28,2.0,20:28,21:13,
1208,9.0,59,20:24,5.0,4,1,20:33,3.0,20:33,21:18,
1209,9.0,60,20:28,5.0,5,1,20:38,4.0,20:38,21:23,
1210,9.0,61,20:50,5.0,0,1,20:55,0.0,20:55,21:40,
1211,9.0,62,21:04,5.0,4,1,21:13,1.0,21:13,21:58,
1212,9.0,63,21:14,5.0,0,1,21:19,2.0,21:19,22:04,
1213,9.0,64,21:47,5.0,0,1,21:52,3.0,21:52,22:37,
1214,9.0,65,22:10,5.0,0,1,22:15,4.0,22:15,23:00,
1215,9.0,66,22:11,5.0,4,1,22:20,0.0,22:20,23:05,
1216,9.0,67,22:24,5.0,0,1,22:29,1.0,22:29,23:14,
1217,9.0,68,22:44,5.0,0,1,22:49,2.0,22:49,23:34,
1218,9.0,69,22:59,5.0,0,1,23:04,3.0,23:04,23:49,
1219,9.0,70,23:05,5.0,0,1,23:10,4.0,23:10,23:55,
1220,9.0,71,23:47,5.0,0,1,23:52,0.0,23:52,24:37,0.80
1221,10.0,1,6:45,5.0,0,1,6:50,0.0,6:50,7:35,
1222,10.0,2,7:10,5.0,0,1,7:15,1.0,7:15,8:00,
1223,10.0,3,7:43,5.0,0,1,7:48,2.0,7:48,8:33,
1224,10.0,4,8:01,5.0,0,1,8:06,3.0,8:06,8:51,
1225,10.0,5,8:06,5.0,0,1,8:11,4.0,8:11,8:56,
1226,10.0,6,8:08,5.0,3,1,8:16,5.0,8:16,9:01,
1227,10.0,7,8:11,5.0,5,1,8:21,6.0,8:21,9:06,
1228,10.0,8,8:26,5.0,0,1,8:31,0.0,8:31,9:16,
1229,10.0,9,9:01,5.0,0,1,9:06,1.0,9:06,9:51,
1230,10.0,10,9:13,5.0,0,1,9:18,2.0,9:18,10:03,
1231,10.0,11,9:37,5.0,0,1,9:42,3.0,9:42,10:27,
1232,10.0,12,9:59,5.0,0,1,10:04,4.0,10:04,10:49,
1233,10.0,13,10:15,5.0,0,1,10:20,5.0,10:20,11:05,
1234,10.0,14,10:31,5.0,0,1,10:36,6.0,10:36,11:21,
1235,10.0,15,11:07,5.0,0,1,11:12,0.0,11:12,11:57,
1236,10.0,16,11:14,5.0,0,1,11:19,1.0,11:19,12:04,
1237,10.0,17,11:18,5.0,1,1,11:24,2.0,11:24,12:09,
1238,10.0,18,11:31,5.0,0,1,11:36,3.0,11:36,12:21,
1239,10.0,19,11:33,5.0,3,1,11:41,4.0,11:41,12:26,
1240,10.0,20,11:39,5.0,2,1,11:46,5.0,11:46,12:31,
1241,10.0,21,11:42,5.0,4,1,11:51,6.0,11:51,12:36,
1242,10.0,22,12:02,5.0,0,1,12:07,0.0,12:07,12:52,
1243,10.0,23,12:26,5.0,0,1,12:31,1.0,12:31,13:16,
1244,10.0,24,12:30,5.0,1,1,12:36,2.0,12:36,13:21,
1245,10.0,25,12:32,5.0,4,1,12:41,3.0,12:41,13:26,
1246,10.0,26,12:40,5.0,1,1,12:46,4.0,12:46,13:31,
1247,10.0,27,12:42,5.0,4,1,12:51,5.0,12:51,13:36,
1248,10.0,28,13:45,5.0,0,1,13:50,6.0,13:50,14:35,
1249,10.0,29,13:50,5.0,0,1,13:55,0.0,13:55,14:40,
1250,10.0,30,14:22,5.0,0,1,14:27,1.0,14:27,15:12,
1251,10.0,31,14:40,5.0,0,1,14:45,2.0,14:45,15:30,
1252,10.0,32,15:08,5.0,0,1,15:13,3.0,15:13,15:58,
1253,10.0,33,15:52,5.0,0,1,15:57,4.0,15:57,16:42,
1254,10.0,34,16:09,5.0,0,1,16:14,5.0,16:14,16:59,
1255,10.0,35,16:13,5.0,1,1,16:19,6.0,16:19,17:04,
1256,10.0,36,16:17,5.0,2,1,16:24,0.0,16:24,17:09,
1257,10.0,37,16:26,5.0,0,1,16:31,1.0,16:31,17:16,
1258,10.0,38,17:01,5.0,0,1,17:06,2.0,17:06,17:51,
1259,10.0,39,17:09,5.0,0,1,17:14,3.0,17:14,17:59,
1260,10.0,40,17:20,5.0,0,1,17:25,4.0,17:25,18:10,
1261,10.0,41,17:24,5.0,1,1,17:30,5.0,17:30,18:15,
1262,10.0,42,17:40,5.0,0,1,17:45,6.0,17:45,18:30,
1263,10.0,43,18:04,5.0,0,1,18:09,0.0,18:09,18:54,
1264,10.0,44,18:28,5.0,0,1,18:33,1.0,18:33,19:18,
1265,10.0,45,18:39,5.0,0,1,18:44,2.0,18:44,19:29,
1266,10.0,46,18:52,5.0,0,1,18:57,3.0,18:57,19:42,
1267,10.0,47,19:11,5.0,0,1,19:16,4.0,19:16,20:01,
1268,10.0,48,19:50,5.0,0,1,19:55,5.0,19:55,20:40,
1269,10.0,49,20:14,5.0,0,1,20:19,6.0,20:19,21:04,
1270,10.0,50,20:31,5.0,0,1,20:36,0.0,20:36,21:21,
1271,10.0,51,20:34,5.0,2,1,20:41,1.0,20:41,21:26,
1272,10.0,52,20:45,5.0,0,1,20:50,2.0,20:50,21:35,
1273,10.0,53,20:47,5.0,3,1,20:55,3.0,20:55,21:40,
1274,10.0,54,20:53,5.0,2,1,21:00,4.0,21:00,21:45,
1275,10.0,55,21:36,5.0,0,1,21:41,5.0,21:41,22:26,
1276,10.0,56,21:53,5.0,0,1,21:58,6.0,21:58,22:43,
1277,10.0,57,22:05,5.0,0,1,22:10,0.0,22:10,22:55,
1278,10.0,58,22:42,5.0,0,1,22:47,1.0,22:47,23:32,
1279,10.0,59,23:34,5.0,0,1,23:39,2.0,23:39,24:24,
1280,10.0,60,23:52,5.0,0,1,23:57,3.0,23:57,24:42,0.31
1281,11.0,1,6:22,5.0,0,1,6:27,0.0,6:27,7:12,
1282,11.0,2,6:54,5.0,0,1,6:59,1.0,6:59,7:44,
1283,11.0,3,7:11,5.0,0,1,7:16,2.0,7:16,8:01,
1284,11.0,4,7:12,5.0,4,1,7:21,3.0,7:21,8:06,
1285,11.0,5,7:36,5.0,0,1,7:41,4.0,7:41,8:26,
1286,11.0,6,8:12,5.0,0,1,8:17,5.0,8:17,9:02,
1287,11.0,7,8:19,5.0,0,1,8:24,6.0,8:24,9:09,
1288,11.0,8,8:23,5.0,1,1,8:29,7.0,8:29,9:14,
1289,11.0,9,8:34,5.0,0,1,8:39,8.0,8:39,9:24,
1290,11.0,10,8:47,5.0,0,1,8:52,9.0,8:52,9:37,
1291,11.0,11,9:14,5.0,0,1,9:19,0.0,9:19,10:04,
1292,11.0,12,9:20,5.0,0,1,9:25,1.0,9:25,10:10,
1293,11.0,13,9:25,5.0,0,1,9:30,2.0,9:30,10:15,
1294,11.0,14,10:01,5.0,0,1,10:06,3.0,10:06,10:51,
1295,11.0,15,10:02,5.0,4,1,10:11,4.0,10:11,10:56,
1296,11.0,16,10:16,5.0,0,1,10:21,5.0,10:21,11:06,
1297,11.0,17,10:39,5.0,0,1,10:44,6.0,10:44,11:29,
1298,11.0,18,11:09,5.0,0,1,11:14,7.0,11:14,11:59,
1299,11.0,19,11:33,5.0,0,1,11:38,8.0,11:38,12:23,
1300,11.0,20,11:34,5.0,4,1,11:43,9.0,11:43,12:28,
1301,11.0,21,11:42,5.0,1,1,11:48,0.0,11:48,12:33,
1302,11.0,22,11:52,5.0,0,1,11:57,1.0,11:57,12:42,
1303,11.0,23,12:14,5.0,0,1,12:19,2.0,12:19,13:04,
1304,11.0,24,12:23,5.0,0,1,12:28,3.0,12:28,13:13,
1305,11.0,25,12:33,5.0,0,1,12:38,4.0,12:38,13:23,
1306,11.0,26,12:34,5.0,4,1,12:43,5.0,12:43,13:28,
1307,11.0,27,12:35,5.0,8,1,12:48,6.0,12:48,13:33,
1308,11.0,28,12:49,5.0,0,1,12:54,7.0,12:54,13:39,
1309,11.0,29,13:29,5.0,0,1,13:34,8.0,13:34,14:19,
1310,11.0,30,13:40,5.0,0,1,13:45,9.0,13:45,14:30,
1311,11.0,31,14:25,5.0,0,1,14:30,0.0,14:30,15:15,
1312,11.0,32,14:29,5.0,1,1,14:35,1.0,14:35,15:20,
1313,11.0,33,14:39,5.0,0,1,14:44,2.0,14:44,15:29,
1314,11.0,34,15:56,5.0,0,1,16:01,3.0,16:01,16:46,
1315,11.0,35,16:05,5.0,0,1,16:10,4.0,16:10,16:55,
1316,11.0,36,16:20,5.0,0,1,16:25,5.0,16:25,17:10,
1317,11.0,37,16:23,5.0,2,1,16:30,6.0,16:30,17:15,
1318,11.0,38,16:29,5.0,1,1,16:35,7.0,16:35,17:20,
1319,11.0,39,16:46,5.0,0,1,16:51,8.0,16:51,17:36,
1320,11.0,40,17:03,5.0,0,1,17:08,9.0,17:08,17:53,
1321,11.0,41,17:10,5.0,0,1,17:15,0.0,17:15,18:00,
1322,11.0,42,17:19,5.0,0,1,17:24,1.0,17:24,18:09,
1323,11.0,43,17:31,5.0,0,1,17:36,2.0,17:36,18:21,
1324,11.0,44,17:59,5.0,0,1,18:04,3.0,18:04,18:49,
1325,11.0,45,18:11,5.0,0,1,18:16,4.0,18:16,19:01,
1326,11.0,46,18:18,5.0,0,1,18:23,5.0,18:23,19:08,
1327,11.0,47,18:23,5.0,0,1,18:28,6.0,18:28,19:13,
1328,11.0,48,18:24,5.0,4,1,18:33,7.0,18:33,19:18,
1329,11.0,49,18:42,5.0,0,1,18:47,8.0,18:47,19:32,
1330,11.0,50,18:48,5.0,0,1,18:53,9.0,18:53,19:38,
1331,11.0,51,18:49,5.0,4,1,18:58,0.0,18:58,19:43,
1332,11.0,52,18:56,5.0,2,1,19:03,1.0,19:03,19:48,
1333,11.0,53,19:14,5.0,0,1,19:19,2.0,19:19,20:04,
1334,11.0,54,19:34,5.0,0,1,19:39,3.0,19:39,20:24,
1335,11.0,55,19:45,5.0,0,1,19:50,4.0,19:50,20:35,
1336,11.0,56,20:01,5.0,0,1,20:06,5.0,20:06,20:51,
1337,11.0,57,20:20,5.0,0,1,20:25,6.0,20:25,21:10,
1338,11.0,58,20:33,5.0,0,1,20:38,7.0,20:38,21:23,
1339,11.0,59,20:49,5.0,0,1,20:54,8.0,20:54,21:39,
1340,11.0,60,20:57,5.0,0,1,21:02,9.0,21:02,21:47,
1341,11.0,61,21:07,5.0,0,1,21:12,0.0,21:12,21:57,
1342,11.0,62,21:14,5.0,0,1,21:19,1.0,21:19,22:04,
1343,11.0,63,21:32,5.0,0,1,21:37,2.0,21:37,22:22,
1344,11.0,64,22:22,5.0,0,1,22:27,3.0,22:27,23:12,
1345,11.0,65,22:36,5.0,0,1,22:41,4.0,22:41,23:26,
1346,11.0,66,22:49,5.0,0,1,22:54,5.0,22:54,23:39,
1347,11.0,67,23:57,5.0,0,1,24:02,6.0,24:02,24:47,0.36
